-- phpMyAdmin SQL Dump
-- version 5.2.1
-- https://www.phpmyadmin.net/
--
-- Hôte : 127.0.0.1:3306
-- Généré le : mer. 16 avr. 2025 à 13:00
-- Version du serveur : 9.1.0
-- Version de PHP : 8.3.14

SET SQL_MODE = "NO_AUTO_VALUE_ON_ZERO";
START TRANSACTION;
SET time_zone = "+00:00";


/*!40101 SET @OLD_CHARACTER_SET_CLIENT=@@CHARACTER_SET_CLIENT */;
/*!40101 SET @OLD_CHARACTER_SET_RESULTS=@@CHARACTER_SET_RESULTS */;
/*!40101 SET @OLD_COLLATION_CONNECTION=@@COLLATION_CONNECTION */;
/*!40101 SET NAMES utf8mb4 */;

--
-- Base de données : `salle_serveur`
--

-- --------------------------------------------------------

--
-- Structure de la table `capteur`
--

DROP TABLE IF EXISTS `capteur`;
CREATE TABLE IF NOT EXISTS `capteur` (
  `ID_CAPTEUR` int NOT NULL AUTO_INCREMENT,
  `TYPE_CAPTEUR` char(1) NOT NULL,
  `MESURE` decimal(11,2) DEFAULT NULL,
  `ANNE` int DEFAULT NULL,
  `MOIS` int DEFAULT NULL,
  `JOUR` int DEFAULT NULL,
  `HEURE` int DEFAULT NULL,
  PRIMARY KEY (`ID_CAPTEUR`),
  KEY `FK_ASSOCIATION_6` (`TYPE_CAPTEUR`)
) ENGINE=MyISAM AUTO_INCREMENT=875 DEFAULT CHARSET=latin1;

--
-- Déchargement des données de la table `capteur`
--

INSERT INTO `capteur` (`ID_CAPTEUR`, `TYPE_CAPTEUR`, `MESURE`, `ANNE`, `MOIS`, `JOUR`, `HEURE`) VALUES
(867, 'T', 25.00, 2025, 4, 16, 13),
(157, 'T', 23.50, 2025, 4, 15, 15),
(158, 'H', 45.50, 2025, 4, 15, 15),
(159, 'T', 23.50, 2025, 4, 15, 15),
(160, 'H', 45.50, 2025, 4, 15, 15),
(155, 'T', 23.50, 2025, 4, 15, 15),
(156, 'H', 45.50, 2025, 4, 15, 15),
(161, 'T', 23.50, 2025, 4, 15, 15),
(162, 'H', 45.50, 2025, 4, 15, 15),
(163, 'T', 16.00, 2025, 4, 1, 0),
(164, 'H', 45.00, 2025, 4, 1, 0),
(165, 'T', 19.00, 2025, 4, 1, 1),
(166, 'H', 57.00, 2025, 4, 1, 1),
(167, 'T', 30.00, 2025, 4, 1, 2),
(168, 'H', 43.00, 2025, 4, 1, 2),
(169, 'T', 16.00, 2025, 4, 1, 3),
(170, 'H', 51.00, 2025, 4, 1, 3),
(171, 'T', 24.00, 2025, 4, 1, 4),
(172, 'H', 36.00, 2025, 4, 1, 4),
(173, 'T', 19.00, 2025, 4, 1, 5),
(174, 'H', 65.00, 2025, 4, 1, 5),
(175, 'T', 21.00, 2025, 4, 1, 6),
(176, 'H', 41.00, 2025, 4, 1, 6),
(177, 'T', 20.00, 2025, 4, 1, 7),
(178, 'H', 50.00, 2025, 4, 1, 7),
(179, 'T', 24.00, 2025, 4, 1, 8),
(180, 'H', 66.00, 2025, 4, 1, 8),
(181, 'T', 23.00, 2025, 4, 1, 9),
(182, 'H', 68.00, 2025, 4, 1, 9),
(183, 'T', 18.00, 2025, 4, 1, 10),
(184, 'H', 41.00, 2025, 4, 1, 10),
(185, 'T', 16.00, 2025, 4, 1, 11),
(186, 'H', 53.00, 2025, 4, 1, 11),
(187, 'T', 16.00, 2025, 4, 1, 12),
(188, 'H', 65.00, 2025, 4, 1, 12),
(189, 'T', 27.00, 2025, 4, 1, 13),
(190, 'H', 52.00, 2025, 4, 1, 13),
(191, 'T', 16.00, 2025, 4, 1, 14),
(192, 'H', 37.00, 2025, 4, 1, 14),
(193, 'T', 26.00, 2025, 4, 1, 15),
(194, 'H', 40.00, 2025, 4, 1, 15),
(195, 'T', 28.00, 2025, 4, 1, 16),
(196, 'H', 56.00, 2025, 4, 1, 16),
(197, 'T', 25.00, 2025, 4, 1, 17),
(198, 'H', 63.00, 2025, 4, 1, 17),
(199, 'T', 16.00, 2025, 4, 1, 18),
(200, 'H', 37.00, 2025, 4, 1, 18),
(201, 'T', 19.00, 2025, 4, 1, 19),
(202, 'H', 35.00, 2025, 4, 1, 19),
(203, 'T', 21.00, 2025, 4, 1, 20),
(204, 'H', 66.00, 2025, 4, 1, 20),
(205, 'T', 27.00, 2025, 4, 1, 21),
(206, 'H', 36.00, 2025, 4, 1, 21),
(207, 'T', 18.00, 2025, 4, 1, 22),
(208, 'H', 51.00, 2025, 4, 1, 22),
(209, 'T', 22.00, 2025, 4, 1, 23),
(210, 'H', 42.00, 2025, 4, 1, 23),
(211, 'T', 18.00, 2025, 4, 2, 0),
(212, 'H', 44.00, 2025, 4, 2, 0),
(213, 'T', 27.00, 2025, 4, 2, 1),
(214, 'H', 63.00, 2025, 4, 2, 1),
(215, 'T', 27.00, 2025, 4, 2, 2),
(216, 'H', 68.00, 2025, 4, 2, 2),
(217, 'T', 20.00, 2025, 4, 2, 3),
(218, 'H', 56.00, 2025, 4, 2, 3),
(219, 'T', 26.00, 2025, 4, 2, 4),
(220, 'H', 44.00, 2025, 4, 2, 4),
(221, 'T', 24.00, 2025, 4, 2, 5),
(222, 'H', 43.00, 2025, 4, 2, 5),
(223, 'T', 23.00, 2025, 4, 2, 6),
(224, 'H', 54.00, 2025, 4, 2, 6),
(225, 'T', 16.00, 2025, 4, 2, 7),
(226, 'H', 56.00, 2025, 4, 2, 7),
(227, 'T', 27.00, 2025, 4, 2, 8),
(228, 'H', 37.00, 2025, 4, 2, 8),
(229, 'T', 21.00, 2025, 4, 2, 9),
(230, 'H', 54.00, 2025, 4, 2, 9),
(231, 'T', 19.00, 2025, 4, 2, 10),
(232, 'H', 62.00, 2025, 4, 2, 10),
(233, 'T', 30.00, 2025, 4, 2, 11),
(234, 'H', 64.00, 2025, 4, 2, 11),
(235, 'T', 20.00, 2025, 4, 2, 12),
(236, 'H', 48.00, 2025, 4, 2, 12),
(237, 'T', 25.00, 2025, 4, 2, 13),
(238, 'H', 59.00, 2025, 4, 2, 13),
(239, 'T', 19.00, 2025, 4, 2, 14),
(240, 'H', 54.00, 2025, 4, 2, 14),
(241, 'T', 15.00, 2025, 4, 2, 15),
(242, 'H', 44.00, 2025, 4, 2, 15),
(243, 'T', 21.00, 2025, 4, 2, 16),
(244, 'H', 54.00, 2025, 4, 2, 16),
(245, 'T', 26.00, 2025, 4, 2, 17),
(246, 'H', 48.00, 2025, 4, 2, 17),
(247, 'T', 20.00, 2025, 4, 2, 18),
(248, 'H', 50.00, 2025, 4, 2, 18),
(249, 'T', 24.00, 2025, 4, 2, 19),
(250, 'H', 45.00, 2025, 4, 2, 19),
(251, 'T', 26.00, 2025, 4, 2, 20),
(252, 'H', 58.00, 2025, 4, 2, 20),
(253, 'T', 30.00, 2025, 4, 2, 21),
(254, 'H', 64.00, 2025, 4, 2, 21),
(255, 'T', 23.00, 2025, 4, 2, 22),
(256, 'H', 39.00, 2025, 4, 2, 22),
(257, 'T', 18.00, 2025, 4, 2, 23),
(258, 'H', 66.00, 2025, 4, 2, 23),
(259, 'T', 19.00, 2025, 4, 3, 0),
(260, 'H', 40.00, 2025, 4, 3, 0),
(261, 'T', 25.00, 2025, 4, 3, 1),
(262, 'H', 44.00, 2025, 4, 3, 1),
(263, 'T', 28.00, 2025, 4, 3, 2),
(264, 'H', 46.00, 2025, 4, 3, 2),
(265, 'T', 15.00, 2025, 4, 3, 3),
(266, 'H', 51.00, 2025, 4, 3, 3),
(267, 'T', 18.00, 2025, 4, 3, 4),
(268, 'H', 55.00, 2025, 4, 3, 4),
(269, 'T', 19.00, 2025, 4, 3, 5),
(270, 'H', 43.00, 2025, 4, 3, 5),
(271, 'T', 15.00, 2025, 4, 3, 6),
(272, 'H', 61.00, 2025, 4, 3, 6),
(273, 'T', 20.00, 2025, 4, 3, 7),
(274, 'H', 49.00, 2025, 4, 3, 7),
(275, 'T', 21.00, 2025, 4, 3, 8),
(276, 'H', 35.00, 2025, 4, 3, 8),
(277, 'T', 22.00, 2025, 4, 3, 9),
(278, 'H', 69.00, 2025, 4, 3, 9),
(279, 'T', 23.00, 2025, 4, 3, 10),
(280, 'H', 43.00, 2025, 4, 3, 10),
(281, 'T', 23.00, 2025, 4, 3, 11),
(282, 'H', 54.00, 2025, 4, 3, 11),
(283, 'T', 30.00, 2025, 4, 3, 12),
(284, 'H', 62.00, 2025, 4, 3, 12),
(285, 'T', 25.00, 2025, 4, 3, 13),
(286, 'H', 55.00, 2025, 4, 3, 13),
(287, 'T', 30.00, 2025, 4, 3, 14),
(288, 'H', 53.00, 2025, 4, 3, 14),
(289, 'T', 16.00, 2025, 4, 3, 15),
(290, 'H', 57.00, 2025, 4, 3, 15),
(291, 'T', 18.00, 2025, 4, 3, 16),
(292, 'H', 39.00, 2025, 4, 3, 16),
(293, 'T', 17.00, 2025, 4, 3, 17),
(294, 'H', 42.00, 2025, 4, 3, 17),
(295, 'T', 26.00, 2025, 4, 3, 18),
(296, 'H', 69.00, 2025, 4, 3, 18),
(297, 'T', 24.00, 2025, 4, 3, 19),
(298, 'H', 42.00, 2025, 4, 3, 19),
(299, 'T', 25.00, 2025, 4, 3, 20),
(300, 'H', 62.00, 2025, 4, 3, 20),
(301, 'T', 30.00, 2025, 4, 3, 21),
(302, 'H', 57.00, 2025, 4, 3, 21),
(303, 'T', 19.00, 2025, 4, 3, 22),
(304, 'H', 60.00, 2025, 4, 3, 22),
(305, 'T', 25.00, 2025, 4, 3, 23),
(306, 'H', 44.00, 2025, 4, 3, 23),
(307, 'T', 28.00, 2025, 4, 4, 0),
(308, 'H', 55.00, 2025, 4, 4, 0),
(309, 'T', 26.00, 2025, 4, 4, 1),
(310, 'H', 56.00, 2025, 4, 4, 1),
(311, 'T', 27.00, 2025, 4, 4, 2),
(312, 'H', 35.00, 2025, 4, 4, 2),
(313, 'T', 30.00, 2025, 4, 4, 3),
(314, 'H', 44.00, 2025, 4, 4, 3),
(315, 'T', 22.00, 2025, 4, 4, 4),
(316, 'H', 35.00, 2025, 4, 4, 4),
(317, 'T', 24.00, 2025, 4, 4, 5),
(318, 'H', 41.00, 2025, 4, 4, 5),
(319, 'T', 22.00, 2025, 4, 4, 6),
(320, 'H', 39.00, 2025, 4, 4, 6),
(321, 'T', 21.00, 2025, 4, 4, 7),
(322, 'H', 44.00, 2025, 4, 4, 7),
(323, 'T', 28.00, 2025, 4, 4, 8),
(324, 'H', 59.00, 2025, 4, 4, 8),
(325, 'T', 25.00, 2025, 4, 4, 9),
(326, 'H', 64.00, 2025, 4, 4, 9),
(327, 'T', 27.00, 2025, 4, 4, 10),
(328, 'H', 60.00, 2025, 4, 4, 10),
(329, 'T', 19.00, 2025, 4, 4, 11),
(330, 'H', 52.00, 2025, 4, 4, 11),
(331, 'T', 24.00, 2025, 4, 4, 12),
(332, 'H', 56.00, 2025, 4, 4, 12),
(333, 'T', 23.00, 2025, 4, 4, 13),
(334, 'H', 64.00, 2025, 4, 4, 13),
(335, 'T', 22.00, 2025, 4, 4, 14),
(336, 'H', 36.00, 2025, 4, 4, 14),
(337, 'T', 22.00, 2025, 4, 4, 15),
(338, 'H', 64.00, 2025, 4, 4, 15),
(339, 'T', 22.00, 2025, 4, 4, 16),
(340, 'H', 40.00, 2025, 4, 4, 16),
(341, 'T', 26.00, 2025, 4, 4, 17),
(342, 'H', 42.00, 2025, 4, 4, 17),
(343, 'T', 18.00, 2025, 4, 4, 18),
(344, 'H', 68.00, 2025, 4, 4, 18),
(345, 'T', 15.00, 2025, 4, 4, 19),
(346, 'H', 67.00, 2025, 4, 4, 19),
(347, 'T', 18.00, 2025, 4, 4, 20),
(348, 'H', 45.00, 2025, 4, 4, 20),
(349, 'T', 25.00, 2025, 4, 4, 21),
(350, 'H', 46.00, 2025, 4, 4, 21),
(351, 'T', 20.00, 2025, 4, 4, 22),
(352, 'H', 46.00, 2025, 4, 4, 22),
(353, 'T', 24.00, 2025, 4, 4, 23),
(354, 'H', 61.00, 2025, 4, 4, 23),
(355, 'T', 22.00, 2025, 4, 5, 0),
(356, 'H', 55.00, 2025, 4, 5, 0),
(357, 'T', 30.00, 2025, 4, 5, 1),
(358, 'H', 48.00, 2025, 4, 5, 1),
(359, 'T', 16.00, 2025, 4, 5, 2),
(360, 'H', 44.00, 2025, 4, 5, 2),
(361, 'T', 28.00, 2025, 4, 5, 3),
(362, 'H', 37.00, 2025, 4, 5, 3),
(363, 'T', 24.00, 2025, 4, 5, 4),
(364, 'H', 68.00, 2025, 4, 5, 4),
(365, 'T', 17.00, 2025, 4, 5, 5),
(366, 'H', 64.00, 2025, 4, 5, 5),
(367, 'T', 28.00, 2025, 4, 5, 6),
(368, 'H', 36.00, 2025, 4, 5, 6),
(369, 'T', 26.00, 2025, 4, 5, 7),
(370, 'H', 51.00, 2025, 4, 5, 7),
(371, 'T', 22.00, 2025, 4, 5, 8),
(372, 'H', 35.00, 2025, 4, 5, 8),
(373, 'T', 30.00, 2025, 4, 5, 9),
(374, 'H', 54.00, 2025, 4, 5, 9),
(375, 'T', 26.00, 2025, 4, 5, 10),
(376, 'H', 40.00, 2025, 4, 5, 10),
(377, 'T', 28.00, 2025, 4, 5, 11),
(378, 'H', 36.00, 2025, 4, 5, 11),
(379, 'T', 16.00, 2025, 4, 5, 12),
(380, 'H', 63.00, 2025, 4, 5, 12),
(381, 'T', 17.00, 2025, 4, 5, 13),
(382, 'H', 45.00, 2025, 4, 5, 13),
(383, 'T', 25.00, 2025, 4, 5, 14),
(384, 'H', 60.00, 2025, 4, 5, 14),
(385, 'T', 27.00, 2025, 4, 5, 15),
(386, 'H', 56.00, 2025, 4, 5, 15),
(387, 'T', 24.00, 2025, 4, 5, 16),
(388, 'H', 39.00, 2025, 4, 5, 16),
(389, 'T', 26.00, 2025, 4, 5, 17),
(390, 'H', 37.00, 2025, 4, 5, 17),
(391, 'T', 29.00, 2025, 4, 5, 18),
(392, 'H', 39.00, 2025, 4, 5, 18),
(393, 'T', 20.00, 2025, 4, 5, 19),
(394, 'H', 48.00, 2025, 4, 5, 19),
(395, 'T', 28.00, 2025, 4, 5, 20),
(396, 'H', 61.00, 2025, 4, 5, 20),
(397, 'T', 27.00, 2025, 4, 5, 21),
(398, 'H', 48.00, 2025, 4, 5, 21),
(399, 'T', 23.00, 2025, 4, 5, 22),
(400, 'H', 42.00, 2025, 4, 5, 22),
(401, 'T', 15.00, 2025, 4, 5, 23),
(402, 'H', 40.00, 2025, 4, 5, 23),
(403, 'T', 23.00, 2025, 4, 6, 0),
(404, 'H', 65.00, 2025, 4, 6, 0),
(405, 'T', 24.00, 2025, 4, 6, 1),
(406, 'H', 35.00, 2025, 4, 6, 1),
(407, 'T', 28.00, 2025, 4, 6, 2),
(408, 'H', 37.00, 2025, 4, 6, 2),
(409, 'T', 23.00, 2025, 4, 6, 3),
(410, 'H', 67.00, 2025, 4, 6, 3),
(411, 'T', 30.00, 2025, 4, 6, 4),
(412, 'H', 44.00, 2025, 4, 6, 4),
(413, 'T', 27.00, 2025, 4, 6, 5),
(414, 'H', 64.00, 2025, 4, 6, 5),
(415, 'T', 25.00, 2025, 4, 6, 6),
(416, 'H', 57.00, 2025, 4, 6, 6),
(417, 'T', 19.00, 2025, 4, 6, 7),
(418, 'H', 36.00, 2025, 4, 6, 7),
(419, 'T', 27.00, 2025, 4, 6, 8),
(420, 'H', 52.00, 2025, 4, 6, 8),
(421, 'T', 29.00, 2025, 4, 6, 9),
(422, 'H', 55.00, 2025, 4, 6, 9),
(423, 'T', 24.00, 2025, 4, 6, 10),
(424, 'H', 41.00, 2025, 4, 6, 10),
(425, 'T', 28.00, 2025, 4, 6, 11),
(426, 'H', 62.00, 2025, 4, 6, 11),
(427, 'T', 28.00, 2025, 4, 6, 12),
(428, 'H', 65.00, 2025, 4, 6, 12),
(429, 'T', 30.00, 2025, 4, 6, 13),
(430, 'H', 53.00, 2025, 4, 6, 13),
(431, 'T', 30.00, 2025, 4, 6, 14),
(432, 'H', 45.00, 2025, 4, 6, 14),
(433, 'T', 17.00, 2025, 4, 6, 15),
(434, 'H', 36.00, 2025, 4, 6, 15),
(435, 'T', 27.00, 2025, 4, 6, 16),
(436, 'H', 52.00, 2025, 4, 6, 16),
(437, 'T', 18.00, 2025, 4, 6, 17),
(438, 'H', 69.00, 2025, 4, 6, 17),
(439, 'T', 25.00, 2025, 4, 6, 18),
(440, 'H', 70.00, 2025, 4, 6, 18),
(441, 'T', 26.00, 2025, 4, 6, 19),
(442, 'H', 47.00, 2025, 4, 6, 19),
(443, 'T', 20.00, 2025, 4, 6, 20),
(444, 'H', 56.00, 2025, 4, 6, 20),
(445, 'T', 16.00, 2025, 4, 6, 21),
(446, 'H', 35.00, 2025, 4, 6, 21),
(447, 'T', 25.00, 2025, 4, 6, 22),
(448, 'H', 39.00, 2025, 4, 6, 22),
(449, 'T', 27.00, 2025, 4, 6, 23),
(450, 'H', 65.00, 2025, 4, 6, 23),
(451, 'T', 16.00, 2025, 4, 7, 0),
(452, 'H', 45.00, 2025, 4, 7, 0),
(453, 'T', 16.00, 2025, 4, 7, 1),
(454, 'H', 62.00, 2025, 4, 7, 1),
(455, 'T', 21.00, 2025, 4, 7, 2),
(456, 'H', 38.00, 2025, 4, 7, 2),
(457, 'T', 30.00, 2025, 4, 7, 3),
(458, 'H', 42.00, 2025, 4, 7, 3),
(459, 'T', 24.00, 2025, 4, 7, 4),
(460, 'H', 52.00, 2025, 4, 7, 4),
(461, 'T', 20.00, 2025, 4, 7, 5),
(462, 'H', 61.00, 2025, 4, 7, 5),
(463, 'T', 23.00, 2025, 4, 7, 6),
(464, 'H', 59.00, 2025, 4, 7, 6),
(465, 'T', 29.00, 2025, 4, 7, 7),
(466, 'H', 39.00, 2025, 4, 7, 7),
(467, 'T', 21.00, 2025, 4, 7, 8),
(468, 'H', 46.00, 2025, 4, 7, 8),
(469, 'T', 21.00, 2025, 4, 7, 9),
(470, 'H', 37.00, 2025, 4, 7, 9),
(471, 'T', 25.00, 2025, 4, 7, 10),
(472, 'H', 45.00, 2025, 4, 7, 10),
(473, 'T', 26.00, 2025, 4, 7, 11),
(474, 'H', 59.00, 2025, 4, 7, 11),
(475, 'T', 28.00, 2025, 4, 7, 12),
(476, 'H', 45.00, 2025, 4, 7, 12),
(477, 'T', 22.00, 2025, 4, 7, 13),
(478, 'H', 67.00, 2025, 4, 7, 13),
(479, 'T', 30.00, 2025, 4, 7, 14),
(480, 'H', 47.00, 2025, 4, 7, 14),
(481, 'T', 24.00, 2025, 4, 7, 15),
(482, 'H', 70.00, 2025, 4, 7, 15),
(483, 'T', 15.00, 2025, 4, 7, 16),
(484, 'H', 67.00, 2025, 4, 7, 16),
(485, 'T', 22.00, 2025, 4, 7, 17),
(486, 'H', 46.00, 2025, 4, 7, 17),
(487, 'T', 21.00, 2025, 4, 7, 18),
(488, 'H', 51.00, 2025, 4, 7, 18),
(489, 'T', 19.00, 2025, 4, 7, 19),
(490, 'H', 46.00, 2025, 4, 7, 19),
(491, 'T', 22.00, 2025, 4, 7, 20),
(492, 'H', 69.00, 2025, 4, 7, 20),
(493, 'T', 22.00, 2025, 4, 7, 21),
(494, 'H', 49.00, 2025, 4, 7, 21),
(495, 'T', 20.00, 2025, 4, 7, 22),
(496, 'H', 44.00, 2025, 4, 7, 22),
(497, 'T', 19.00, 2025, 4, 7, 23),
(498, 'H', 60.00, 2025, 4, 7, 23),
(499, 'T', 20.00, 2025, 4, 8, 0),
(500, 'H', 63.00, 2025, 4, 8, 0),
(501, 'T', 15.00, 2025, 4, 8, 1),
(502, 'H', 66.00, 2025, 4, 8, 1),
(503, 'T', 30.00, 2025, 4, 8, 2),
(504, 'H', 42.00, 2025, 4, 8, 2),
(505, 'T', 29.00, 2025, 4, 8, 3),
(506, 'H', 70.00, 2025, 4, 8, 3),
(507, 'T', 16.00, 2025, 4, 8, 4),
(508, 'H', 45.00, 2025, 4, 8, 4),
(509, 'T', 21.00, 2025, 4, 8, 5),
(510, 'H', 57.00, 2025, 4, 8, 5),
(511, 'T', 16.00, 2025, 4, 8, 6),
(512, 'H', 66.00, 2025, 4, 8, 6),
(513, 'T', 22.00, 2025, 4, 8, 7),
(514, 'H', 37.00, 2025, 4, 8, 7),
(515, 'T', 25.00, 2025, 4, 8, 8),
(516, 'H', 62.00, 2025, 4, 8, 8),
(517, 'T', 22.00, 2025, 4, 8, 9),
(518, 'H', 38.00, 2025, 4, 8, 9),
(519, 'T', 29.00, 2025, 4, 8, 10),
(520, 'H', 60.00, 2025, 4, 8, 10),
(521, 'T', 15.00, 2025, 4, 8, 11),
(522, 'H', 43.00, 2025, 4, 8, 11),
(523, 'T', 21.00, 2025, 4, 8, 12),
(524, 'H', 51.00, 2025, 4, 8, 12),
(525, 'T', 27.00, 2025, 4, 8, 13),
(526, 'H', 61.00, 2025, 4, 8, 13),
(527, 'T', 27.00, 2025, 4, 8, 14),
(528, 'H', 35.00, 2025, 4, 8, 14),
(529, 'T', 15.00, 2025, 4, 8, 15),
(530, 'H', 50.00, 2025, 4, 8, 15),
(531, 'T', 24.00, 2025, 4, 8, 16),
(532, 'H', 53.00, 2025, 4, 8, 16),
(533, 'T', 17.00, 2025, 4, 8, 17),
(534, 'H', 48.00, 2025, 4, 8, 17),
(535, 'T', 21.00, 2025, 4, 8, 18),
(536, 'H', 39.00, 2025, 4, 8, 18),
(537, 'T', 15.00, 2025, 4, 8, 19),
(538, 'H', 68.00, 2025, 4, 8, 19),
(539, 'T', 30.00, 2025, 4, 8, 20),
(540, 'H', 65.00, 2025, 4, 8, 20),
(541, 'T', 16.00, 2025, 4, 8, 21),
(542, 'H', 55.00, 2025, 4, 8, 21),
(543, 'T', 27.00, 2025, 4, 8, 22),
(544, 'H', 48.00, 2025, 4, 8, 22),
(545, 'T', 22.00, 2025, 4, 8, 23),
(546, 'H', 49.00, 2025, 4, 8, 23),
(547, 'T', 24.00, 2025, 4, 9, 0),
(548, 'H', 70.00, 2025, 4, 9, 0),
(549, 'T', 19.00, 2025, 4, 9, 1),
(550, 'H', 36.00, 2025, 4, 9, 1),
(551, 'T', 24.00, 2025, 4, 9, 2),
(552, 'H', 54.00, 2025, 4, 9, 2),
(553, 'T', 27.00, 2025, 4, 9, 3),
(554, 'H', 43.00, 2025, 4, 9, 3),
(555, 'T', 16.00, 2025, 4, 9, 4),
(556, 'H', 65.00, 2025, 4, 9, 4),
(557, 'T', 19.00, 2025, 4, 9, 5),
(558, 'H', 38.00, 2025, 4, 9, 5),
(559, 'T', 27.00, 2025, 4, 9, 6),
(560, 'H', 57.00, 2025, 4, 9, 6),
(561, 'T', 21.00, 2025, 4, 9, 7),
(562, 'H', 36.00, 2025, 4, 9, 7),
(563, 'T', 23.00, 2025, 4, 9, 8),
(564, 'H', 62.00, 2025, 4, 9, 8),
(565, 'T', 18.00, 2025, 4, 9, 9),
(566, 'H', 42.00, 2025, 4, 9, 9),
(567, 'T', 24.00, 2025, 4, 9, 10),
(568, 'H', 67.00, 2025, 4, 9, 10),
(569, 'T', 18.00, 2025, 4, 9, 11),
(570, 'H', 70.00, 2025, 4, 9, 11),
(571, 'T', 28.00, 2025, 4, 9, 12),
(572, 'H', 52.00, 2025, 4, 9, 12),
(573, 'T', 27.00, 2025, 4, 9, 13),
(574, 'H', 51.00, 2025, 4, 9, 13),
(575, 'T', 28.00, 2025, 4, 9, 14),
(576, 'H', 41.00, 2025, 4, 9, 14),
(577, 'T', 16.00, 2025, 4, 9, 15),
(578, 'H', 48.00, 2025, 4, 9, 15),
(579, 'T', 18.00, 2025, 4, 9, 16),
(580, 'H', 52.00, 2025, 4, 9, 16),
(581, 'T', 28.00, 2025, 4, 9, 17),
(582, 'H', 44.00, 2025, 4, 9, 17),
(583, 'T', 21.00, 2025, 4, 9, 18),
(584, 'H', 54.00, 2025, 4, 9, 18),
(585, 'T', 24.00, 2025, 4, 9, 19),
(586, 'H', 51.00, 2025, 4, 9, 19),
(587, 'T', 25.00, 2025, 4, 9, 20),
(588, 'H', 49.00, 2025, 4, 9, 20),
(589, 'T', 18.00, 2025, 4, 9, 21),
(590, 'H', 54.00, 2025, 4, 9, 21),
(591, 'T', 21.00, 2025, 4, 9, 22),
(592, 'H', 43.00, 2025, 4, 9, 22),
(593, 'T', 24.00, 2025, 4, 9, 23),
(594, 'H', 59.00, 2025, 4, 9, 23),
(595, 'T', 15.00, 2025, 4, 10, 0),
(596, 'H', 65.00, 2025, 4, 10, 0),
(597, 'T', 25.00, 2025, 4, 10, 1),
(598, 'H', 53.00, 2025, 4, 10, 1),
(599, 'T', 23.00, 2025, 4, 10, 2),
(600, 'H', 42.00, 2025, 4, 10, 2),
(601, 'T', 20.00, 2025, 4, 10, 3),
(602, 'H', 54.00, 2025, 4, 10, 3),
(603, 'T', 25.00, 2025, 4, 10, 4),
(604, 'H', 47.00, 2025, 4, 10, 4),
(605, 'T', 19.00, 2025, 4, 10, 5),
(606, 'H', 40.00, 2025, 4, 10, 5),
(607, 'T', 17.00, 2025, 4, 10, 6),
(608, 'H', 68.00, 2025, 4, 10, 6),
(609, 'T', 23.00, 2025, 4, 10, 7),
(610, 'H', 61.00, 2025, 4, 10, 7),
(611, 'T', 16.00, 2025, 4, 10, 8),
(612, 'H', 44.00, 2025, 4, 10, 8),
(613, 'T', 15.00, 2025, 4, 10, 9),
(614, 'H', 57.00, 2025, 4, 10, 9),
(615, 'T', 21.00, 2025, 4, 10, 10),
(616, 'H', 63.00, 2025, 4, 10, 10),
(617, 'T', 28.00, 2025, 4, 10, 11),
(618, 'H', 46.00, 2025, 4, 10, 11),
(619, 'T', 28.00, 2025, 4, 10, 12),
(620, 'H', 46.00, 2025, 4, 10, 12),
(621, 'T', 18.00, 2025, 4, 10, 13),
(622, 'H', 68.00, 2025, 4, 10, 13),
(623, 'T', 25.00, 2025, 4, 10, 14),
(624, 'H', 41.00, 2025, 4, 10, 14),
(625, 'T', 29.00, 2025, 4, 10, 15),
(626, 'H', 52.00, 2025, 4, 10, 15),
(627, 'T', 16.00, 2025, 4, 10, 16),
(628, 'H', 54.00, 2025, 4, 10, 16),
(629, 'T', 24.00, 2025, 4, 10, 17),
(630, 'H', 52.00, 2025, 4, 10, 17),
(631, 'T', 29.00, 2025, 4, 10, 18),
(632, 'H', 39.00, 2025, 4, 10, 18),
(633, 'T', 19.00, 2025, 4, 10, 19),
(634, 'H', 35.00, 2025, 4, 10, 19),
(635, 'T', 20.00, 2025, 4, 10, 20),
(636, 'H', 63.00, 2025, 4, 10, 20),
(637, 'T', 26.00, 2025, 4, 10, 21),
(638, 'H', 45.00, 2025, 4, 10, 21),
(639, 'T', 23.00, 2025, 4, 10, 22),
(640, 'H', 44.00, 2025, 4, 10, 22),
(641, 'T', 25.00, 2025, 4, 10, 23),
(642, 'H', 42.00, 2025, 4, 10, 23),
(643, 'T', 28.00, 2025, 4, 11, 0),
(644, 'H', 45.00, 2025, 4, 11, 0),
(645, 'T', 25.00, 2025, 4, 11, 1),
(646, 'H', 51.00, 2025, 4, 11, 1),
(647, 'T', 29.00, 2025, 4, 11, 2),
(648, 'H', 70.00, 2025, 4, 11, 2),
(649, 'T', 30.00, 2025, 4, 11, 3),
(650, 'H', 50.00, 2025, 4, 11, 3),
(651, 'T', 15.00, 2025, 4, 11, 4),
(652, 'H', 59.00, 2025, 4, 11, 4),
(653, 'T', 17.00, 2025, 4, 11, 5),
(654, 'H', 51.00, 2025, 4, 11, 5),
(655, 'T', 22.00, 2025, 4, 11, 6),
(656, 'H', 65.00, 2025, 4, 11, 6),
(657, 'T', 30.00, 2025, 4, 11, 7),
(658, 'H', 42.00, 2025, 4, 11, 7),
(659, 'T', 27.00, 2025, 4, 11, 8),
(660, 'H', 55.00, 2025, 4, 11, 8),
(661, 'T', 23.00, 2025, 4, 11, 9),
(662, 'H', 48.00, 2025, 4, 11, 9),
(663, 'T', 29.00, 2025, 4, 11, 10),
(664, 'H', 65.00, 2025, 4, 11, 10),
(665, 'T', 20.00, 2025, 4, 11, 11),
(666, 'H', 48.00, 2025, 4, 11, 11),
(667, 'T', 19.00, 2025, 4, 11, 12),
(668, 'H', 60.00, 2025, 4, 11, 12),
(669, 'T', 28.00, 2025, 4, 11, 13),
(670, 'H', 35.00, 2025, 4, 11, 13),
(671, 'T', 18.00, 2025, 4, 11, 14),
(672, 'H', 51.00, 2025, 4, 11, 14),
(673, 'T', 26.00, 2025, 4, 11, 15),
(674, 'H', 41.00, 2025, 4, 11, 15),
(675, 'T', 29.00, 2025, 4, 11, 16),
(676, 'H', 35.00, 2025, 4, 11, 16),
(677, 'T', 15.00, 2025, 4, 11, 17),
(678, 'H', 57.00, 2025, 4, 11, 17),
(679, 'T', 19.00, 2025, 4, 11, 18),
(680, 'H', 65.00, 2025, 4, 11, 18),
(681, 'T', 17.00, 2025, 4, 11, 19),
(682, 'H', 66.00, 2025, 4, 11, 19),
(683, 'T', 22.00, 2025, 4, 11, 20),
(684, 'H', 42.00, 2025, 4, 11, 20),
(685, 'T', 26.00, 2025, 4, 11, 21),
(686, 'H', 37.00, 2025, 4, 11, 21),
(687, 'T', 21.00, 2025, 4, 11, 22),
(688, 'H', 49.00, 2025, 4, 11, 22),
(689, 'T', 26.00, 2025, 4, 11, 23),
(690, 'H', 59.00, 2025, 4, 11, 23),
(691, 'T', 16.00, 2025, 4, 12, 0),
(692, 'H', 59.00, 2025, 4, 12, 0),
(693, 'T', 27.00, 2025, 4, 12, 1),
(694, 'H', 65.00, 2025, 4, 12, 1),
(695, 'T', 16.00, 2025, 4, 12, 2),
(696, 'H', 58.00, 2025, 4, 12, 2),
(697, 'T', 15.00, 2025, 4, 12, 3),
(698, 'H', 60.00, 2025, 4, 12, 3),
(699, 'T', 22.00, 2025, 4, 12, 4),
(700, 'H', 57.00, 2025, 4, 12, 4),
(701, 'T', 22.00, 2025, 4, 12, 5),
(702, 'H', 55.00, 2025, 4, 12, 5),
(703, 'T', 16.00, 2025, 4, 12, 6),
(704, 'H', 37.00, 2025, 4, 12, 6),
(705, 'T', 15.00, 2025, 4, 12, 7),
(706, 'H', 38.00, 2025, 4, 12, 7),
(707, 'T', 28.00, 2025, 4, 12, 8),
(708, 'H', 47.00, 2025, 4, 12, 8),
(709, 'T', 29.00, 2025, 4, 12, 9),
(710, 'H', 44.00, 2025, 4, 12, 9),
(711, 'T', 17.00, 2025, 4, 12, 10),
(712, 'H', 65.00, 2025, 4, 12, 10),
(713, 'T', 29.00, 2025, 4, 12, 11),
(714, 'H', 64.00, 2025, 4, 12, 11),
(715, 'T', 20.00, 2025, 4, 12, 12),
(716, 'H', 51.00, 2025, 4, 12, 12),
(717, 'T', 22.00, 2025, 4, 12, 13),
(718, 'H', 55.00, 2025, 4, 12, 13),
(719, 'T', 21.00, 2025, 4, 12, 14),
(720, 'H', 58.00, 2025, 4, 12, 14),
(721, 'T', 23.00, 2025, 4, 12, 15),
(722, 'H', 56.00, 2025, 4, 12, 15),
(723, 'T', 29.00, 2025, 4, 12, 16),
(724, 'H', 67.00, 2025, 4, 12, 16),
(725, 'T', 17.00, 2025, 4, 12, 17),
(726, 'H', 38.00, 2025, 4, 12, 17),
(727, 'T', 29.00, 2025, 4, 12, 18),
(728, 'H', 56.00, 2025, 4, 12, 18),
(729, 'T', 21.00, 2025, 4, 12, 19),
(730, 'H', 38.00, 2025, 4, 12, 19),
(731, 'T', 17.00, 2025, 4, 12, 20),
(732, 'H', 48.00, 2025, 4, 12, 20),
(733, 'T', 24.00, 2025, 4, 12, 21),
(734, 'H', 61.00, 2025, 4, 12, 21),
(735, 'T', 28.00, 2025, 4, 12, 22),
(736, 'H', 50.00, 2025, 4, 12, 22),
(737, 'T', 30.00, 2025, 4, 12, 23),
(738, 'H', 66.00, 2025, 4, 12, 23),
(739, 'T', 29.00, 2025, 4, 13, 0),
(740, 'H', 70.00, 2025, 4, 13, 0),
(741, 'T', 27.00, 2025, 4, 13, 1),
(742, 'H', 67.00, 2025, 4, 13, 1),
(743, 'T', 19.00, 2025, 4, 13, 2),
(744, 'H', 69.00, 2025, 4, 13, 2),
(745, 'T', 26.00, 2025, 4, 13, 3),
(746, 'H', 68.00, 2025, 4, 13, 3),
(747, 'T', 29.00, 2025, 4, 13, 4),
(748, 'H', 70.00, 2025, 4, 13, 4),
(749, 'T', 21.00, 2025, 4, 13, 5),
(750, 'H', 65.00, 2025, 4, 13, 5),
(751, 'T', 27.00, 2025, 4, 13, 6),
(752, 'H', 46.00, 2025, 4, 13, 6),
(753, 'T', 30.00, 2025, 4, 13, 7),
(754, 'H', 53.00, 2025, 4, 13, 7),
(755, 'T', 29.00, 2025, 4, 13, 8),
(756, 'H', 58.00, 2025, 4, 13, 8),
(757, 'T', 17.00, 2025, 4, 13, 9),
(758, 'H', 37.00, 2025, 4, 13, 9),
(759, 'T', 21.00, 2025, 4, 13, 10),
(760, 'H', 48.00, 2025, 4, 13, 10),
(761, 'T', 21.00, 2025, 4, 13, 11),
(762, 'H', 56.00, 2025, 4, 13, 11),
(763, 'T', 30.00, 2025, 4, 13, 12),
(764, 'H', 61.00, 2025, 4, 13, 12),
(765, 'T', 30.00, 2025, 4, 13, 13),
(766, 'H', 44.00, 2025, 4, 13, 13),
(767, 'T', 15.00, 2025, 4, 13, 14),
(768, 'H', 61.00, 2025, 4, 13, 14),
(769, 'T', 16.00, 2025, 4, 13, 15),
(770, 'H', 58.00, 2025, 4, 13, 15),
(771, 'T', 22.00, 2025, 4, 13, 16),
(772, 'H', 45.00, 2025, 4, 13, 16),
(773, 'T', 18.00, 2025, 4, 13, 17),
(774, 'H', 38.00, 2025, 4, 13, 17),
(775, 'T', 20.00, 2025, 4, 13, 18),
(776, 'H', 45.00, 2025, 4, 13, 18),
(777, 'T', 30.00, 2025, 4, 13, 19),
(778, 'H', 64.00, 2025, 4, 13, 19),
(779, 'T', 22.00, 2025, 4, 13, 20),
(780, 'H', 38.00, 2025, 4, 13, 20),
(781, 'T', 20.00, 2025, 4, 13, 21),
(782, 'H', 60.00, 2025, 4, 13, 21),
(783, 'T', 18.00, 2025, 4, 13, 22),
(784, 'H', 41.00, 2025, 4, 13, 22),
(785, 'T', 24.00, 2025, 4, 13, 23),
(786, 'H', 60.00, 2025, 4, 13, 23),
(787, 'T', 22.00, 2025, 4, 14, 0),
(788, 'H', 69.00, 2025, 4, 14, 0),
(789, 'T', 21.00, 2025, 4, 14, 1),
(790, 'H', 60.00, 2025, 4, 14, 1),
(791, 'T', 27.00, 2025, 4, 14, 2),
(792, 'H', 41.00, 2025, 4, 14, 2),
(793, 'T', 19.00, 2025, 4, 14, 3),
(794, 'H', 36.00, 2025, 4, 14, 3),
(795, 'T', 21.00, 2025, 4, 14, 4),
(796, 'H', 64.00, 2025, 4, 14, 4),
(797, 'T', 29.00, 2025, 4, 14, 5),
(798, 'H', 70.00, 2025, 4, 14, 5),
(799, 'T', 19.00, 2025, 4, 14, 6),
(800, 'H', 53.00, 2025, 4, 14, 6),
(801, 'T', 21.00, 2025, 4, 14, 7),
(802, 'H', 38.00, 2025, 4, 14, 7),
(803, 'T', 15.00, 2025, 4, 14, 8),
(804, 'H', 62.00, 2025, 4, 14, 8),
(805, 'T', 24.00, 2025, 4, 14, 9),
(806, 'H', 57.00, 2025, 4, 14, 9),
(807, 'T', 28.00, 2025, 4, 14, 10),
(808, 'H', 66.00, 2025, 4, 14, 10),
(809, 'T', 23.00, 2025, 4, 14, 11),
(810, 'H', 48.00, 2025, 4, 14, 11),
(811, 'T', 26.00, 2025, 4, 14, 12),
(812, 'H', 37.00, 2025, 4, 14, 12),
(813, 'T', 16.00, 2025, 4, 14, 13),
(814, 'H', 66.00, 2025, 4, 14, 13),
(815, 'T', 20.00, 2025, 4, 14, 14),
(816, 'H', 70.00, 2025, 4, 14, 14),
(817, 'T', 15.00, 2025, 4, 14, 15),
(818, 'H', 50.00, 2025, 4, 14, 15),
(819, 'T', 29.00, 2025, 4, 14, 16),
(820, 'H', 67.00, 2025, 4, 14, 16),
(821, 'T', 19.00, 2025, 4, 14, 17),
(822, 'H', 55.00, 2025, 4, 14, 17),
(823, 'T', 25.00, 2025, 4, 14, 18),
(824, 'H', 68.00, 2025, 4, 14, 18),
(825, 'T', 24.00, 2025, 4, 14, 19),
(826, 'H', 38.00, 2025, 4, 14, 19),
(827, 'T', 21.00, 2025, 4, 14, 20),
(828, 'H', 63.00, 2025, 4, 14, 20),
(829, 'T', 18.00, 2025, 4, 14, 21),
(830, 'H', 50.00, 2025, 4, 14, 21),
(831, 'T', 17.00, 2025, 4, 14, 22),
(832, 'H', 46.00, 2025, 4, 14, 22),
(833, 'T', 26.00, 2025, 4, 14, 23),
(834, 'H', 70.00, 2025, 4, 14, 23),
(835, 'T', 23.00, 2025, 4, 15, 0),
(836, 'H', 63.00, 2025, 4, 15, 0),
(837, 'T', 26.00, 2025, 4, 15, 1),
(838, 'H', 47.00, 2025, 4, 15, 1),
(839, 'T', 24.00, 2025, 4, 15, 2),
(840, 'H', 56.00, 2025, 4, 15, 2),
(841, 'T', 25.00, 2025, 4, 15, 3),
(842, 'H', 65.00, 2025, 4, 15, 3),
(843, 'T', 25.00, 2025, 4, 15, 4),
(844, 'H', 56.00, 2025, 4, 15, 4),
(845, 'T', 29.00, 2025, 4, 15, 5),
(846, 'H', 69.00, 2025, 4, 15, 5),
(847, 'T', 23.00, 2025, 4, 15, 6),
(848, 'H', 54.00, 2025, 4, 15, 6),
(849, 'T', 20.00, 2025, 4, 15, 7),
(850, 'H', 60.00, 2025, 4, 15, 7),
(851, 'T', 26.00, 2025, 4, 15, 8),
(852, 'H', 46.00, 2025, 4, 15, 8),
(853, 'T', 19.00, 2025, 4, 15, 9),
(854, 'H', 55.00, 2025, 4, 15, 9),
(855, 'T', 23.00, 2025, 4, 15, 10),
(856, 'H', 38.00, 2025, 4, 15, 10),
(857, 'T', 20.00, 2025, 4, 15, 11),
(858, 'H', 39.00, 2025, 4, 15, 11),
(859, 'T', 24.00, 2025, 4, 15, 12),
(860, 'H', 61.00, 2025, 4, 15, 12),
(861, 'T', 20.00, 2025, 4, 15, 13),
(862, 'H', 60.00, 2025, 4, 15, 13),
(863, 'T', 19.00, 2025, 4, 15, 14),
(864, 'H', 63.00, 2025, 4, 15, 14),
(865, 'T', 16.00, 2025, 4, 15, 15),
(866, 'H', 55.00, 2025, 4, 15, 15),
(868, 'H', 35.00, 2025, 4, 16, 13),
(869, 'T', 25.00, 2025, 4, 16, 13),
(870, 'H', 35.00, 2025, 4, 16, 13),
(871, 'T', 25.00, 2025, 4, 16, 13),
(872, 'H', 35.00, 2025, 4, 16, 13),
(873, 'T', 25.00, 2025, 4, 16, 13),
(874, 'H', 35.00, 2025, 4, 16, 13);

-- --------------------------------------------------------

--
-- Structure de la table `historique_donne`
--

DROP TABLE IF EXISTS `historique_donne`;
CREATE TABLE IF NOT EXISTS `historique_donne` (
  `id` int NOT NULL AUTO_INCREMENT,
  `anne` varchar(2) CHARACTER SET utf8mb4 COLLATE utf8mb4_general_ci DEFAULT NULL,
  `mois` varchar(2) COLLATE utf8mb4_general_ci DEFAULT NULL,
  `jour` varchar(2) COLLATE utf8mb4_general_ci DEFAULT NULL,
  `donne` float(100,2) DEFAULT NULL,
  `type_capteur` char(1) CHARACTER SET utf8mb4 COLLATE utf8mb4_general_ci DEFAULT NULL,
  PRIMARY KEY (`id`),
  KEY `type_capteur` (`type_capteur`)
) ENGINE=MyISAM AUTO_INCREMENT=1029 DEFAULT CHARSET=utf8mb4 COLLATE=utf8mb4_general_ci;

--
-- Déchargement des données de la table `historique_donne`
--

INSERT INTO `historique_donne` (`id`, `anne`, `mois`, `jour`, `donne`, `type_capteur`) VALUES
(25, '25', '04', '01', 21.50, 'T'),
(26, '25', '04', '02', 21.70, 'T'),
(27, '25', '04', '03', 22.00, 'T'),
(28, '25', '04', '04', 22.30, 'T'),
(29, '25', '04', '05', 22.10, 'T'),
(30, '25', '04', '06', 22.50, 'T'),
(31, '25', '04', '07', 22.80, 'T'),
(32, '25', '04', '08', 23.00, 'T'),
(33, '25', '04', '09', 23.20, 'T'),
(34, '25', '04', '10', 23.50, 'T'),
(35, '25', '04', '11', 23.70, 'T'),
(36, '25', '04', '12', 23.90, 'T'),
(37, '25', '04', '13', 24.00, 'T'),
(38, '25', '04', '14', 24.20, 'T'),
(39, '25', '04', '15', 24.30, 'T'),
(40, '25', '04', '16', 24.40, 'T'),
(41, '25', '04', '17', 24.20, 'T'),
(42, '25', '04', '18', 24.00, 'T'),
(43, '25', '04', '19', 23.80, 'T'),
(44, '25', '04', '20', 23.50, 'T'),
(45, '25', '04', '21', 23.30, 'T'),
(46, '25', '04', '22', 23.00, 'T'),
(47, '25', '04', '23', 22.80, 'T'),
(48, '25', '04', '24', 22.50, 'T'),
(49, '25', '04', '25', 22.30, 'T'),
(50, '25', '04', '26', 22.00, 'T'),
(51, '25', '04', '27', 21.80, 'T'),
(52, '25', '04', '28', 21.50, 'T'),
(53, '25', '04', '29', 21.20, 'T'),
(54, '25', '04', '30', 21.00, 'T'),
(55, '25', '04', '01', 55.20, 'H'),
(56, '25', '04', '02', 56.10, 'H'),
(57, '25', '04', '03', 54.80, 'H'),
(58, '25', '04', '04', 53.90, 'H'),
(59, '25', '04', '05', 52.70, 'H'),
(60, '25', '04', '06', 51.50, 'H'),
(61, '25', '04', '07', 50.90, 'H'),
(62, '25', '04', '08', 49.80, 'H'),
(63, '25', '04', '09', 48.50, 'H'),
(64, '25', '04', '10', 47.20, 'H'),
(65, '25', '04', '11', 46.80, 'H'),
(66, '25', '04', '12', 47.00, 'H'),
(67, '25', '04', '13', 48.30, 'H'),
(68, '25', '04', '14', 49.70, 'H'),
(69, '25', '04', '15', 50.40, 'H'),
(70, '25', '04', '16', 51.10, 'H'),
(71, '25', '04', '17', 52.30, 'H'),
(72, '25', '04', '18', 53.40, 'H'),
(73, '25', '04', '19', 54.20, 'H'),
(74, '25', '04', '20', 55.00, 'H'),
(75, '25', '04', '21', 56.50, 'H'),
(76, '25', '04', '22', 57.20, 'H'),
(77, '25', '04', '23', 58.00, 'H'),
(78, '25', '04', '24', 58.70, 'H'),
(79, '25', '04', '25', 59.10, 'H'),
(80, '25', '04', '26', 59.80, 'H'),
(81, '25', '04', '27', 60.20, 'H'),
(82, '25', '04', '28', 60.50, 'H'),
(83, '25', '04', '29', 61.00, 'H'),
(84, '25', '04', '30', 61.30, 'H'),
(85, '24', '01', '01', 24.60, 'T'),
(86, '24', '01', '02', 19.60, 'T'),
(87, '24', '01', '03', 21.20, 'T'),
(88, '24', '01', '04', 24.70, 'T'),
(89, '24', '01', '05', 24.60, 'T'),
(90, '24', '01', '06', 17.70, 'T'),
(91, '24', '01', '07', 18.20, 'T'),
(92, '24', '01', '08', 17.10, 'T'),
(93, '24', '01', '09', 24.20, 'T'),
(94, '24', '01', '10', 24.10, 'T'),
(95, '24', '01', '11', 24.70, 'T'),
(96, '24', '01', '12', 21.90, 'T'),
(97, '24', '01', '13', 26.50, 'T'),
(98, '24', '01', '14', 19.50, 'T'),
(99, '24', '01', '15', 16.40, 'T'),
(100, '24', '01', '16', 22.80, 'T'),
(101, '24', '01', '17', 28.10, 'T'),
(102, '24', '01', '18', 19.60, 'T'),
(103, '24', '01', '19', 23.50, 'T'),
(104, '24', '01', '20', 27.90, 'T'),
(105, '24', '01', '21', 29.90, 'T'),
(106, '24', '01', '22', 26.40, 'T'),
(107, '24', '01', '23', 20.60, 'T'),
(108, '24', '01', '24', 27.00, 'T'),
(109, '24', '01', '25', 18.80, 'T'),
(110, '24', '01', '26', 21.00, 'T'),
(111, '24', '01', '27', 15.60, 'T'),
(112, '24', '01', '28', 26.00, 'T'),
(113, '24', '01', '29', 26.70, 'T'),
(114, '24', '01', '30', 15.40, 'T'),
(115, '24', '01', '31', 29.50, 'T'),
(116, '24', '01', '01', 63.60, 'H'),
(117, '24', '01', '02', 69.30, 'H'),
(118, '24', '01', '03', 40.90, 'H'),
(119, '24', '01', '04', 58.50, 'H'),
(120, '24', '01', '05', 32.60, 'H'),
(121, '24', '01', '06', 62.50, 'H'),
(122, '24', '01', '07', 59.00, 'H'),
(123, '24', '01', '08', 39.90, 'H'),
(124, '24', '01', '09', 54.10, 'H'),
(125, '24', '01', '10', 50.90, 'H'),
(126, '24', '01', '11', 38.20, 'H'),
(127, '24', '01', '12', 40.80, 'H'),
(128, '24', '01', '13', 53.10, 'H'),
(129, '24', '01', '14', 57.30, 'H'),
(130, '24', '01', '15', 65.30, 'H'),
(131, '24', '01', '16', 71.00, 'H'),
(132, '24', '01', '17', 50.90, 'H'),
(133, '24', '01', '18', 50.60, 'H'),
(134, '24', '01', '19', 33.20, 'H'),
(135, '24', '01', '20', 66.10, 'H'),
(136, '24', '01', '21', 56.30, 'H'),
(137, '24', '01', '22', 63.00, 'H'),
(138, '24', '01', '23', 59.40, 'H'),
(139, '24', '01', '24', 40.80, 'H'),
(140, '24', '01', '25', 54.40, 'H'),
(141, '24', '01', '26', 65.80, 'H'),
(142, '24', '01', '27', 39.60, 'H'),
(143, '24', '01', '28', 67.60, 'H'),
(144, '24', '01', '29', 42.00, 'H'),
(145, '24', '01', '30', 34.50, 'H'),
(146, '24', '01', '31', 48.70, 'H'),
(147, '24', '02', '01', 30.00, 'T'),
(148, '24', '02', '02', 26.60, 'T'),
(149, '24', '02', '03', 27.20, 'T'),
(150, '24', '02', '04', 17.00, 'T'),
(151, '24', '02', '05', 23.20, 'T'),
(152, '24', '02', '06', 16.80, 'T'),
(153, '24', '02', '07', 26.80, 'T'),
(154, '24', '02', '08', 19.40, 'T'),
(155, '24', '02', '09', 19.70, 'T'),
(156, '24', '02', '10', 25.30, 'T'),
(157, '24', '02', '11', 18.30, 'T'),
(158, '24', '02', '12', 25.90, 'T'),
(159, '24', '02', '13', 23.80, 'T'),
(160, '24', '02', '14', 25.50, 'T'),
(161, '24', '02', '15', 17.70, 'T'),
(162, '24', '02', '16', 19.60, 'T'),
(163, '24', '02', '17', 19.20, 'T'),
(164, '24', '02', '18', 23.20, 'T'),
(165, '24', '02', '19', 21.70, 'T'),
(166, '24', '02', '20', 18.10, 'T'),
(167, '24', '02', '21', 28.60, 'T'),
(168, '24', '02', '22', 29.00, 'T'),
(169, '24', '02', '23', 27.20, 'T'),
(170, '24', '02', '24', 15.20, 'T'),
(171, '24', '02', '25', 23.90, 'T'),
(172, '24', '02', '26', 20.30, 'T'),
(173, '24', '02', '27', 23.70, 'T'),
(174, '24', '02', '28', 26.40, 'T'),
(175, '24', '02', '29', 25.80, 'T'),
(176, '24', '02', '01', 35.20, 'H'),
(177, '24', '02', '02', 37.40, 'H'),
(178, '24', '02', '03', 69.10, 'H'),
(179, '24', '02', '04', 66.60, 'H'),
(180, '24', '02', '05', 45.20, 'H'),
(181, '24', '02', '06', 35.00, 'H'),
(182, '24', '02', '07', 32.60, 'H'),
(183, '24', '02', '08', 50.80, 'H'),
(184, '24', '02', '09', 45.70, 'H'),
(185, '24', '02', '10', 64.20, 'H'),
(186, '24', '02', '11', 69.60, 'H'),
(187, '24', '02', '12', 48.30, 'H'),
(188, '24', '02', '13', 38.60, 'H'),
(189, '24', '02', '14', 43.00, 'H'),
(190, '24', '02', '15', 44.40, 'H'),
(191, '24', '02', '16', 40.70, 'H'),
(192, '24', '02', '17', 50.50, 'H'),
(193, '24', '02', '18', 37.30, 'H'),
(194, '24', '02', '19', 62.40, 'H'),
(195, '24', '02', '20', 35.10, 'H'),
(196, '24', '02', '21', 68.50, 'H'),
(197, '24', '02', '22', 61.00, 'H'),
(198, '24', '02', '23', 57.70, 'H'),
(199, '24', '02', '24', 70.90, 'H'),
(200, '24', '02', '25', 64.70, 'H'),
(201, '24', '02', '26', 58.70, 'H'),
(202, '24', '02', '27', 63.70, 'H'),
(203, '24', '02', '28', 31.70, 'H'),
(204, '24', '02', '29', 49.90, 'H'),
(205, '24', '03', '01', 23.70, 'T'),
(206, '24', '03', '02', 29.10, 'T'),
(207, '24', '03', '03', 27.60, 'T'),
(208, '24', '03', '04', 18.00, 'T'),
(209, '24', '03', '05', 19.00, 'T'),
(210, '24', '03', '06', 27.00, 'T'),
(211, '24', '03', '07', 24.30, 'T'),
(212, '24', '03', '08', 21.70, 'T'),
(213, '24', '03', '09', 29.90, 'T'),
(214, '24', '03', '10', 21.60, 'T'),
(215, '24', '03', '11', 25.40, 'T'),
(216, '24', '03', '12', 18.70, 'T'),
(217, '24', '03', '13', 22.40, 'T'),
(218, '24', '03', '14', 17.10, 'T'),
(219, '24', '03', '15', 27.60, 'T'),
(220, '24', '03', '16', 24.80, 'T'),
(221, '24', '03', '17', 25.80, 'T'),
(222, '24', '03', '18', 28.70, 'T'),
(223, '24', '03', '19', 18.30, 'T'),
(224, '24', '03', '20', 18.90, 'T'),
(225, '24', '03', '21', 22.70, 'T'),
(226, '24', '03', '22', 25.70, 'T'),
(227, '24', '03', '23', 16.90, 'T'),
(228, '24', '03', '24', 27.00, 'T'),
(229, '24', '03', '25', 15.30, 'T'),
(230, '24', '03', '26', 22.70, 'T'),
(231, '24', '03', '27', 18.00, 'T'),
(232, '24', '03', '28', 20.80, 'T'),
(233, '24', '03', '29', 15.90, 'T'),
(234, '24', '03', '30', 19.50, 'T'),
(235, '24', '03', '31', 16.20, 'T'),
(236, '24', '03', '01', 32.40, 'H'),
(237, '24', '03', '02', 30.70, 'H'),
(238, '24', '03', '03', 54.20, 'H'),
(239, '24', '03', '04', 69.30, 'H'),
(240, '24', '03', '05', 46.90, 'H'),
(241, '24', '03', '06', 53.90, 'H'),
(242, '24', '03', '07', 39.90, 'H'),
(243, '24', '03', '08', 61.50, 'H'),
(244, '24', '03', '09', 42.90, 'H'),
(245, '24', '03', '10', 46.20, 'H'),
(246, '24', '03', '11', 36.30, 'H'),
(247, '24', '03', '12', 45.00, 'H'),
(248, '24', '03', '13', 57.50, 'H'),
(249, '24', '03', '14', 34.40, 'H'),
(250, '24', '03', '15', 45.70, 'H'),
(251, '24', '03', '16', 30.70, 'H'),
(252, '24', '03', '17', 48.80, 'H'),
(253, '24', '03', '18', 60.30, 'H'),
(254, '24', '03', '19', 52.90, 'H'),
(255, '24', '03', '20', 63.60, 'H'),
(256, '24', '03', '21', 49.40, 'H'),
(257, '24', '03', '22', 54.70, 'H'),
(258, '24', '03', '23', 56.60, 'H'),
(259, '24', '03', '24', 60.90, 'H'),
(260, '24', '03', '25', 49.80, 'H'),
(261, '24', '03', '26', 66.30, 'H'),
(262, '24', '03', '27', 74.60, 'H'),
(263, '24', '03', '28', 32.80, 'H'),
(264, '24', '03', '29', 35.90, 'H'),
(265, '24', '03', '30', 39.70, 'H'),
(266, '24', '03', '31', 42.40, 'H'),
(267, '24', '04', '01', 21.40, 'T'),
(268, '24', '04', '02', 25.90, 'T'),
(269, '24', '04', '03', 23.20, 'T'),
(270, '24', '04', '04', 28.20, 'T'),
(271, '24', '04', '05', 26.00, 'T'),
(272, '24', '04', '06', 23.20, 'T'),
(273, '24', '04', '07', 23.30, 'T'),
(274, '24', '04', '08', 25.60, 'T'),
(275, '24', '04', '09', 26.70, 'T'),
(276, '24', '04', '10', 23.30, 'T'),
(277, '24', '04', '11', 28.20, 'T'),
(278, '24', '04', '12', 19.60, 'T'),
(279, '24', '04', '13', 26.40, 'T'),
(280, '24', '04', '14', 29.90, 'T'),
(281, '24', '04', '15', 18.30, 'T'),
(282, '24', '04', '16', 20.70, 'T'),
(283, '24', '04', '17', 29.20, 'T'),
(284, '24', '04', '18', 29.40, 'T'),
(285, '24', '04', '19', 18.50, 'T'),
(286, '24', '04', '20', 29.80, 'T'),
(287, '24', '04', '21', 22.20, 'T'),
(288, '24', '04', '22', 25.00, 'T'),
(289, '24', '04', '23', 20.60, 'T'),
(290, '24', '04', '24', 15.70, 'T'),
(291, '24', '04', '25', 18.40, 'T'),
(292, '24', '04', '26', 26.40, 'T'),
(293, '24', '04', '27', 16.50, 'T'),
(294, '24', '04', '28', 16.40, 'T'),
(295, '24', '04', '29', 27.40, 'T'),
(296, '24', '04', '30', 29.60, 'T'),
(297, '24', '04', '01', 66.30, 'H'),
(298, '24', '04', '02', 31.00, 'H'),
(299, '24', '04', '03', 50.90, 'H'),
(300, '24', '04', '04', 30.50, 'H'),
(301, '24', '04', '05', 59.20, 'H'),
(302, '24', '04', '06', 45.70, 'H'),
(303, '24', '04', '07', 38.00, 'H'),
(304, '24', '04', '08', 53.90, 'H'),
(305, '24', '04', '09', 35.30, 'H'),
(306, '24', '04', '10', 49.80, 'H'),
(307, '24', '04', '11', 61.70, 'H'),
(308, '24', '04', '12', 66.40, 'H'),
(309, '24', '04', '13', 67.70, 'H'),
(310, '24', '04', '14', 37.40, 'H'),
(311, '24', '04', '15', 59.50, 'H'),
(312, '24', '04', '16', 33.10, 'H'),
(313, '24', '04', '17', 64.80, 'H'),
(314, '24', '04', '18', 64.90, 'H'),
(315, '24', '04', '19', 58.30, 'H'),
(316, '24', '04', '20', 57.40, 'H'),
(317, '24', '04', '21', 67.30, 'H'),
(318, '24', '04', '22', 65.10, 'H'),
(319, '24', '04', '23', 47.00, 'H'),
(320, '24', '04', '24', 45.00, 'H'),
(321, '24', '04', '25', 71.60, 'H'),
(322, '24', '04', '26', 50.40, 'H'),
(323, '24', '04', '27', 52.10, 'H'),
(324, '24', '04', '28', 36.60, 'H'),
(325, '24', '04', '29', 70.00, 'H'),
(326, '24', '04', '30', 51.80, 'H'),
(327, '24', '05', '01', 24.30, 'T'),
(328, '24', '05', '02', 21.60, 'T'),
(329, '24', '05', '03', 26.00, 'T'),
(330, '24', '05', '04', 15.50, 'T'),
(331, '24', '05', '05', 21.40, 'T'),
(332, '24', '05', '06', 25.70, 'T'),
(333, '24', '05', '07', 28.70, 'T'),
(334, '24', '05', '08', 17.10, 'T'),
(335, '24', '05', '09', 19.90, 'T'),
(336, '24', '05', '10', 23.80, 'T'),
(337, '24', '05', '11', 21.70, 'T'),
(338, '24', '05', '12', 23.20, 'T'),
(339, '24', '05', '13', 15.20, 'T'),
(340, '24', '05', '14', 23.50, 'T'),
(341, '24', '05', '15', 17.80, 'T'),
(342, '24', '05', '16', 27.60, 'T'),
(343, '24', '05', '17', 25.30, 'T'),
(344, '24', '05', '18', 23.40, 'T'),
(345, '24', '05', '19', 16.30, 'T'),
(346, '24', '05', '20', 17.10, 'T'),
(347, '24', '05', '21', 16.70, 'T'),
(348, '24', '05', '22', 21.70, 'T'),
(349, '24', '05', '23', 18.10, 'T'),
(350, '24', '05', '24', 18.70, 'T'),
(351, '24', '05', '25', 15.50, 'T'),
(352, '24', '05', '26', 15.80, 'T'),
(353, '24', '05', '27', 19.30, 'T'),
(354, '24', '05', '28', 19.40, 'T'),
(355, '24', '05', '29', 27.30, 'T'),
(356, '24', '05', '30', 17.80, 'T'),
(357, '24', '05', '31', 16.50, 'T'),
(358, '24', '05', '01', 31.10, 'H'),
(359, '24', '05', '02', 45.80, 'H'),
(360, '24', '05', '03', 67.40, 'H'),
(361, '24', '05', '04', 35.50, 'H'),
(362, '24', '05', '05', 46.20, 'H'),
(363, '24', '05', '06', 41.20, 'H'),
(364, '24', '05', '07', 30.10, 'H'),
(365, '24', '05', '08', 55.40, 'H'),
(366, '24', '05', '09', 47.10, 'H'),
(367, '24', '05', '10', 34.30, 'H'),
(368, '24', '05', '11', 51.00, 'H'),
(369, '24', '05', '12', 64.90, 'H'),
(370, '24', '05', '13', 35.50, 'H'),
(371, '24', '05', '14', 60.50, 'H'),
(372, '24', '05', '15', 64.10, 'H'),
(373, '24', '05', '16', 72.40, 'H'),
(374, '24', '05', '17', 67.80, 'H'),
(375, '24', '05', '18', 38.80, 'H'),
(376, '24', '05', '19', 57.50, 'H'),
(377, '24', '05', '20', 66.60, 'H'),
(378, '24', '05', '21', 55.00, 'H'),
(379, '24', '05', '22', 73.10, 'H'),
(380, '24', '05', '23', 40.60, 'H'),
(381, '24', '05', '24', 44.20, 'H'),
(382, '24', '05', '25', 53.60, 'H'),
(383, '24', '05', '26', 58.20, 'H'),
(384, '24', '05', '27', 72.30, 'H'),
(385, '24', '05', '28', 63.00, 'H'),
(386, '24', '05', '29', 44.30, 'H'),
(387, '24', '05', '30', 37.20, 'H'),
(388, '24', '05', '31', 52.80, 'H'),
(389, '24', '06', '01', 21.40, 'T'),
(390, '24', '06', '02', 23.00, 'T'),
(391, '24', '06', '03', 15.20, 'T'),
(392, '24', '06', '04', 17.20, 'T'),
(393, '24', '06', '05', 23.60, 'T'),
(394, '24', '06', '06', 18.20, 'T'),
(395, '24', '06', '07', 19.10, 'T'),
(396, '24', '06', '08', 17.60, 'T'),
(397, '24', '06', '09', 21.90, 'T'),
(398, '24', '06', '10', 17.50, 'T'),
(399, '24', '06', '11', 29.30, 'T'),
(400, '24', '06', '12', 26.80, 'T'),
(401, '24', '06', '13', 27.60, 'T'),
(402, '24', '06', '14', 23.90, 'T'),
(403, '24', '06', '15', 15.40, 'T'),
(404, '24', '06', '16', 25.80, 'T'),
(405, '24', '06', '17', 26.80, 'T'),
(406, '24', '06', '18', 19.70, 'T'),
(407, '24', '06', '19', 27.10, 'T'),
(408, '24', '06', '20', 20.40, 'T'),
(409, '24', '06', '21', 28.40, 'T'),
(410, '24', '06', '22', 27.10, 'T'),
(411, '24', '06', '23', 17.70, 'T'),
(412, '24', '06', '24', 28.30, 'T'),
(413, '24', '06', '25', 21.20, 'T'),
(414, '24', '06', '26', 24.80, 'T'),
(415, '24', '06', '27', 25.50, 'T'),
(416, '24', '06', '28', 21.40, 'T'),
(417, '24', '06', '29', 22.10, 'T'),
(418, '24', '06', '30', 29.80, 'T'),
(419, '24', '06', '01', 69.10, 'H'),
(420, '24', '06', '02', 73.80, 'H'),
(421, '24', '06', '03', 68.40, 'H'),
(422, '24', '06', '04', 41.10, 'H'),
(423, '24', '06', '05', 74.70, 'H'),
(424, '24', '06', '06', 69.20, 'H'),
(425, '24', '06', '07', 54.30, 'H'),
(426, '24', '06', '08', 48.50, 'H'),
(427, '24', '06', '09', 61.10, 'H'),
(428, '24', '06', '10', 37.30, 'H'),
(429, '24', '06', '11', 57.30, 'H'),
(430, '24', '06', '12', 56.40, 'H'),
(431, '24', '06', '13', 57.30, 'H'),
(432, '24', '06', '14', 42.10, 'H'),
(433, '24', '06', '15', 46.70, 'H'),
(434, '24', '06', '16', 42.90, 'H'),
(435, '24', '06', '17', 49.10, 'H'),
(436, '24', '06', '18', 62.30, 'H'),
(437, '24', '06', '19', 33.30, 'H'),
(438, '24', '06', '20', 65.10, 'H'),
(439, '24', '06', '21', 57.50, 'H'),
(440, '24', '06', '22', 73.40, 'H'),
(441, '24', '06', '23', 45.30, 'H'),
(442, '24', '06', '24', 46.40, 'H'),
(443, '24', '06', '25', 67.10, 'H'),
(444, '24', '06', '26', 57.90, 'H'),
(445, '24', '06', '27', 39.40, 'H'),
(446, '24', '06', '28', 51.70, 'H'),
(447, '24', '06', '29', 40.30, 'H'),
(448, '24', '06', '30', 38.20, 'H'),
(449, '24', '07', '01', 18.50, 'T'),
(450, '24', '07', '02', 29.10, 'T'),
(451, '24', '07', '03', 21.30, 'T'),
(452, '24', '07', '04', 16.90, 'T'),
(453, '24', '07', '05', 24.40, 'T'),
(454, '24', '07', '06', 19.60, 'T'),
(455, '24', '07', '07', 19.30, 'T'),
(456, '24', '07', '08', 26.70, 'T'),
(457, '24', '07', '09', 22.80, 'T'),
(458, '24', '07', '10', 16.60, 'T'),
(459, '24', '07', '11', 16.20, 'T'),
(460, '24', '07', '12', 23.10, 'T'),
(461, '24', '07', '13', 20.70, 'T'),
(462, '24', '07', '14', 17.10, 'T'),
(463, '24', '07', '15', 16.30, 'T'),
(464, '24', '07', '16', 26.70, 'T'),
(465, '24', '07', '17', 22.40, 'T'),
(466, '24', '07', '18', 26.50, 'T'),
(467, '24', '07', '19', 17.40, 'T'),
(468, '24', '07', '20', 15.80, 'T'),
(469, '24', '07', '21', 27.10, 'T'),
(470, '24', '07', '22', 28.00, 'T'),
(471, '24', '07', '23', 29.50, 'T'),
(472, '24', '07', '24', 28.70, 'T'),
(473, '24', '07', '25', 20.90, 'T'),
(474, '24', '07', '26', 15.90, 'T'),
(475, '24', '07', '27', 16.50, 'T'),
(476, '24', '07', '28', 20.10, 'T'),
(477, '24', '07', '29', 17.10, 'T'),
(478, '24', '07', '30', 25.50, 'T'),
(479, '24', '07', '31', 29.70, 'T'),
(480, '24', '07', '01', 75.00, 'H'),
(481, '24', '07', '02', 35.60, 'H'),
(482, '24', '07', '03', 64.60, 'H'),
(483, '24', '07', '04', 69.40, 'H'),
(484, '24', '07', '05', 34.80, 'H'),
(485, '24', '07', '06', 61.90, 'H'),
(486, '24', '07', '07', 60.60, 'H'),
(487, '24', '07', '08', 41.30, 'H'),
(488, '24', '07', '09', 32.80, 'H'),
(489, '24', '07', '10', 41.90, 'H'),
(490, '24', '07', '11', 66.60, 'H'),
(491, '24', '07', '12', 40.20, 'H'),
(492, '24', '07', '13', 40.70, 'H'),
(493, '24', '07', '14', 58.30, 'H'),
(494, '24', '07', '15', 55.30, 'H'),
(495, '24', '07', '16', 73.00, 'H'),
(496, '24', '07', '17', 52.60, 'H'),
(497, '24', '07', '18', 61.50, 'H'),
(498, '24', '07', '19', 39.70, 'H'),
(499, '24', '07', '20', 60.50, 'H'),
(500, '24', '07', '21', 33.00, 'H'),
(501, '24', '07', '22', 48.60, 'H'),
(502, '24', '07', '23', 47.70, 'H'),
(503, '24', '07', '24', 42.00, 'H'),
(504, '24', '07', '25', 72.20, 'H'),
(505, '24', '07', '26', 62.50, 'H'),
(506, '24', '07', '27', 30.40, 'H'),
(507, '24', '07', '28', 32.70, 'H'),
(508, '24', '07', '29', 34.50, 'H'),
(509, '24', '07', '30', 63.00, 'H'),
(510, '24', '07', '31', 54.80, 'H'),
(511, '24', '08', '01', 15.00, 'T'),
(512, '24', '08', '02', 20.50, 'T'),
(513, '24', '08', '03', 29.60, 'T'),
(514, '24', '08', '04', 28.90, 'T'),
(515, '24', '08', '05', 18.50, 'T'),
(516, '24', '08', '06', 15.60, 'T'),
(517, '24', '08', '07', 21.10, 'T'),
(518, '24', '08', '08', 19.20, 'T'),
(519, '24', '08', '09', 23.60, 'T'),
(520, '24', '08', '10', 25.50, 'T'),
(521, '24', '08', '11', 24.60, 'T'),
(522, '24', '08', '12', 26.00, 'T'),
(523, '24', '08', '13', 29.90, 'T'),
(524, '24', '08', '14', 29.20, 'T'),
(525, '24', '08', '15', 15.10, 'T'),
(526, '24', '08', '16', 25.70, 'T'),
(527, '24', '08', '17', 27.40, 'T'),
(528, '24', '08', '18', 18.20, 'T'),
(529, '24', '08', '19', 23.00, 'T'),
(530, '24', '08', '20', 24.40, 'T'),
(531, '24', '08', '21', 23.50, 'T'),
(532, '24', '08', '22', 25.50, 'T'),
(533, '24', '08', '23', 17.40, 'T'),
(534, '24', '08', '24', 29.40, 'T'),
(535, '24', '08', '25', 29.50, 'T'),
(536, '24', '08', '26', 26.40, 'T'),
(537, '24', '08', '27', 26.80, 'T'),
(538, '24', '08', '28', 17.20, 'T'),
(539, '24', '08', '29', 19.30, 'T'),
(540, '24', '08', '30', 27.20, 'T'),
(541, '24', '08', '31', 26.30, 'T'),
(542, '24', '08', '01', 60.20, 'H'),
(543, '24', '08', '02', 35.20, 'H'),
(544, '24', '08', '03', 67.80, 'H'),
(545, '24', '08', '04', 74.20, 'H'),
(546, '24', '08', '05', 48.70, 'H'),
(547, '24', '08', '06', 53.20, 'H'),
(548, '24', '08', '07', 38.60, 'H'),
(549, '24', '08', '08', 74.70, 'H'),
(550, '24', '08', '09', 34.70, 'H'),
(551, '24', '08', '10', 51.50, 'H'),
(552, '24', '08', '11', 62.40, 'H'),
(553, '24', '08', '12', 71.80, 'H'),
(554, '24', '08', '13', 31.50, 'H'),
(555, '24', '08', '14', 57.70, 'H'),
(556, '24', '08', '15', 44.10, 'H'),
(557, '24', '08', '16', 44.70, 'H'),
(558, '24', '08', '17', 61.60, 'H'),
(559, '24', '08', '18', 58.90, 'H'),
(560, '24', '08', '19', 37.70, 'H'),
(561, '24', '08', '20', 50.60, 'H'),
(562, '24', '08', '21', 36.30, 'H'),
(563, '24', '08', '22', 30.40, 'H'),
(564, '24', '08', '23', 41.60, 'H'),
(565, '24', '08', '24', 51.80, 'H'),
(566, '24', '08', '25', 54.10, 'H'),
(567, '24', '08', '26', 71.80, 'H'),
(568, '24', '08', '27', 71.20, 'H'),
(569, '24', '08', '28', 55.70, 'H'),
(570, '24', '08', '29', 69.80, 'H'),
(571, '24', '08', '30', 51.00, 'H'),
(572, '24', '08', '31', 36.80, 'H'),
(573, '24', '09', '01', 21.00, 'T'),
(574, '24', '09', '02', 21.80, 'T'),
(575, '24', '09', '03', 25.80, 'T'),
(576, '24', '09', '04', 24.80, 'T'),
(577, '24', '09', '05', 24.70, 'T'),
(578, '24', '09', '06', 17.00, 'T'),
(579, '24', '09', '07', 16.50, 'T'),
(580, '24', '09', '08', 15.40, 'T'),
(581, '24', '09', '09', 22.80, 'T'),
(582, '24', '09', '10', 26.90, 'T'),
(583, '24', '09', '11', 15.10, 'T'),
(584, '24', '09', '12', 23.00, 'T'),
(585, '24', '09', '13', 16.20, 'T'),
(586, '24', '09', '14', 23.30, 'T'),
(587, '24', '09', '15', 18.50, 'T'),
(588, '24', '09', '16', 19.30, 'T'),
(589, '24', '09', '17', 26.10, 'T'),
(590, '24', '09', '18', 16.10, 'T'),
(591, '24', '09', '19', 19.00, 'T'),
(592, '24', '09', '20', 23.50, 'T'),
(593, '24', '09', '21', 27.30, 'T'),
(594, '24', '09', '22', 18.40, 'T'),
(595, '24', '09', '23', 16.90, 'T'),
(596, '24', '09', '24', 29.60, 'T'),
(597, '24', '09', '25', 26.20, 'T'),
(598, '24', '09', '26', 16.60, 'T'),
(599, '24', '09', '27', 20.80, 'T'),
(600, '24', '09', '28', 27.90, 'T'),
(601, '24', '09', '29', 23.30, 'T'),
(602, '24', '09', '30', 29.30, 'T'),
(603, '24', '09', '01', 41.00, 'H'),
(604, '24', '09', '02', 40.10, 'H'),
(605, '24', '09', '03', 54.40, 'H'),
(606, '24', '09', '04', 71.00, 'H'),
(607, '24', '09', '05', 58.00, 'H'),
(608, '24', '09', '06', 67.50, 'H'),
(609, '24', '09', '07', 37.60, 'H'),
(610, '24', '09', '08', 59.70, 'H'),
(611, '24', '09', '09', 53.70, 'H'),
(612, '24', '09', '10', 60.60, 'H'),
(613, '24', '09', '11', 36.10, 'H'),
(614, '24', '09', '12', 45.90, 'H'),
(615, '24', '09', '13', 37.70, 'H'),
(616, '24', '09', '14', 44.00, 'H'),
(617, '24', '09', '15', 50.80, 'H'),
(618, '24', '09', '16', 73.10, 'H'),
(619, '24', '09', '17', 48.90, 'H'),
(620, '24', '09', '18', 52.00, 'H'),
(621, '24', '09', '19', 71.70, 'H'),
(622, '24', '09', '20', 31.60, 'H'),
(623, '24', '09', '21', 65.20, 'H'),
(624, '24', '09', '22', 35.90, 'H'),
(625, '24', '09', '23', 56.60, 'H'),
(626, '24', '09', '24', 72.90, 'H'),
(627, '24', '09', '25', 73.80, 'H'),
(628, '24', '09', '26', 55.30, 'H'),
(629, '24', '09', '27', 72.40, 'H'),
(630, '24', '09', '28', 55.70, 'H'),
(631, '24', '09', '29', 48.10, 'H'),
(632, '24', '09', '30', 31.90, 'H'),
(633, '24', '10', '01', 24.80, 'T'),
(634, '24', '10', '02', 18.70, 'T'),
(635, '24', '10', '03', 28.50, 'T'),
(636, '24', '10', '04', 27.60, 'T'),
(637, '24', '10', '05', 23.60, 'T'),
(638, '24', '10', '06', 20.50, 'T'),
(639, '24', '10', '07', 28.90, 'T'),
(640, '24', '10', '08', 23.20, 'T'),
(641, '24', '10', '09', 21.80, 'T'),
(642, '24', '10', '10', 20.10, 'T'),
(643, '24', '10', '11', 21.20, 'T'),
(644, '24', '10', '12', 15.00, 'T'),
(645, '24', '10', '13', 22.30, 'T'),
(646, '24', '10', '14', 24.30, 'T'),
(647, '24', '10', '15', 23.20, 'T'),
(648, '24', '10', '16', 17.80, 'T'),
(649, '24', '10', '17', 20.30, 'T'),
(650, '24', '10', '18', 20.30, 'T'),
(651, '24', '10', '19', 16.10, 'T'),
(652, '24', '10', '20', 18.00, 'T'),
(653, '24', '10', '21', 29.30, 'T'),
(654, '24', '10', '22', 29.20, 'T'),
(655, '24', '10', '23', 23.50, 'T'),
(656, '24', '10', '24', 27.60, 'T'),
(657, '24', '10', '25', 25.00, 'T'),
(658, '24', '10', '26', 19.20, 'T'),
(659, '24', '10', '27', 21.90, 'T'),
(660, '24', '10', '28', 21.70, 'T'),
(661, '24', '10', '29', 16.10, 'T'),
(662, '24', '10', '30', 19.90, 'T'),
(663, '24', '10', '31', 21.20, 'T'),
(664, '24', '10', '01', 45.10, 'H'),
(665, '24', '10', '02', 63.40, 'H'),
(666, '24', '10', '03', 31.60, 'H'),
(667, '24', '10', '04', 57.20, 'H'),
(668, '24', '10', '05', 31.10, 'H'),
(669, '24', '10', '06', 30.40, 'H'),
(670, '24', '10', '07', 39.60, 'H'),
(671, '24', '10', '08', 57.10, 'H'),
(672, '24', '10', '09', 62.00, 'H'),
(673, '24', '10', '10', 47.90, 'H'),
(674, '24', '10', '11', 54.00, 'H'),
(675, '24', '10', '12', 47.80, 'H'),
(676, '24', '10', '13', 67.80, 'H'),
(677, '24', '10', '14', 56.80, 'H'),
(678, '24', '10', '15', 41.90, 'H'),
(679, '24', '10', '16', 44.90, 'H'),
(680, '24', '10', '17', 40.10, 'H'),
(681, '24', '10', '18', 33.80, 'H'),
(682, '24', '10', '19', 52.50, 'H'),
(683, '24', '10', '20', 40.80, 'H'),
(684, '24', '10', '21', 41.90, 'H'),
(685, '24', '10', '22', 55.20, 'H'),
(686, '24', '10', '23', 38.70, 'H'),
(687, '24', '10', '24', 33.80, 'H'),
(688, '24', '10', '25', 47.20, 'H'),
(689, '24', '10', '26', 33.40, 'H'),
(690, '24', '10', '27', 72.30, 'H'),
(691, '24', '10', '28', 38.90, 'H'),
(692, '24', '10', '29', 61.10, 'H'),
(693, '24', '10', '30', 41.90, 'H'),
(694, '24', '10', '31', 32.70, 'H'),
(695, '24', '11', '01', 20.00, 'T'),
(696, '24', '11', '02', 20.40, 'T'),
(697, '24', '11', '03', 20.50, 'T'),
(698, '24', '11', '04', 29.20, 'T'),
(699, '24', '11', '05', 26.80, 'T'),
(700, '24', '11', '06', 24.60, 'T'),
(701, '24', '11', '07', 29.60, 'T'),
(702, '24', '11', '08', 21.10, 'T'),
(703, '24', '11', '09', 16.90, 'T'),
(704, '24', '11', '10', 30.00, 'T'),
(705, '24', '11', '11', 26.10, 'T'),
(706, '24', '11', '12', 27.70, 'T'),
(707, '24', '11', '13', 22.10, 'T'),
(708, '24', '11', '14', 26.00, 'T'),
(709, '24', '11', '15', 24.10, 'T'),
(710, '24', '11', '16', 21.70, 'T'),
(711, '24', '11', '17', 26.40, 'T'),
(712, '24', '11', '18', 28.20, 'T'),
(713, '24', '11', '19', 19.30, 'T'),
(714, '24', '11', '20', 15.90, 'T'),
(715, '24', '11', '21', 23.80, 'T'),
(716, '24', '11', '22', 27.90, 'T'),
(717, '24', '11', '23', 23.50, 'T'),
(718, '24', '11', '24', 16.20, 'T'),
(719, '24', '11', '25', 17.10, 'T'),
(720, '24', '11', '26', 16.90, 'T'),
(721, '24', '11', '27', 24.40, 'T'),
(722, '24', '11', '28', 18.30, 'T'),
(723, '24', '11', '29', 26.10, 'T'),
(724, '24', '11', '30', 18.00, 'T'),
(725, '24', '11', '01', 73.00, 'H'),
(726, '24', '11', '02', 57.10, 'H'),
(727, '24', '11', '03', 59.30, 'H'),
(728, '24', '11', '04', 73.00, 'H'),
(729, '24', '11', '05', 59.60, 'H'),
(730, '24', '11', '06', 43.20, 'H'),
(731, '24', '11', '07', 63.20, 'H'),
(732, '24', '11', '08', 59.50, 'H'),
(733, '24', '11', '09', 62.20, 'H'),
(734, '24', '11', '10', 45.80, 'H'),
(735, '24', '11', '11', 55.70, 'H'),
(736, '24', '11', '12', 53.60, 'H'),
(737, '24', '11', '13', 48.70, 'H'),
(738, '24', '11', '14', 43.90, 'H'),
(739, '24', '11', '15', 44.80, 'H'),
(740, '24', '11', '16', 36.60, 'H'),
(741, '24', '11', '17', 36.60, 'H'),
(742, '24', '11', '18', 38.70, 'H'),
(743, '24', '11', '19', 32.90, 'H'),
(744, '24', '11', '20', 66.00, 'H'),
(745, '24', '11', '21', 44.80, 'H'),
(746, '24', '11', '22', 68.30, 'H'),
(747, '24', '11', '23', 62.00, 'H'),
(748, '24', '11', '24', 55.80, 'H'),
(749, '24', '11', '25', 70.40, 'H'),
(750, '24', '11', '26', 50.00, 'H'),
(751, '24', '11', '27', 69.00, 'H'),
(752, '24', '11', '28', 54.90, 'H'),
(753, '24', '11', '29', 35.50, 'H'),
(754, '24', '11', '30', 58.00, 'H'),
(755, '24', '12', '01', 22.00, 'T'),
(756, '24', '12', '02', 24.60, 'T'),
(757, '24', '12', '03', 24.40, 'T'),
(758, '24', '12', '04', 28.00, 'T'),
(759, '24', '12', '05', 23.20, 'T'),
(760, '24', '12', '06', 17.70, 'T'),
(761, '24', '12', '07', 15.80, 'T'),
(762, '24', '12', '08', 26.40, 'T'),
(763, '24', '12', '09', 16.10, 'T'),
(764, '24', '12', '10', 21.30, 'T'),
(765, '24', '12', '11', 25.60, 'T'),
(766, '24', '12', '12', 16.40, 'T'),
(767, '24', '12', '13', 18.80, 'T'),
(768, '24', '12', '14', 26.20, 'T'),
(769, '24', '12', '15', 19.90, 'T'),
(770, '24', '12', '16', 19.20, 'T'),
(771, '24', '12', '17', 18.50, 'T'),
(772, '24', '12', '18', 23.70, 'T'),
(773, '24', '12', '19', 18.50, 'T'),
(774, '24', '12', '20', 16.90, 'T'),
(775, '24', '12', '21', 19.80, 'T'),
(776, '24', '12', '22', 15.40, 'T'),
(777, '24', '12', '23', 25.60, 'T'),
(778, '24', '12', '24', 26.30, 'T'),
(779, '24', '12', '25', 17.60, 'T'),
(780, '24', '12', '26', 28.80, 'T'),
(781, '24', '12', '27', 26.30, 'T'),
(782, '24', '12', '28', 26.60, 'T'),
(783, '24', '12', '29', 26.20, 'T'),
(784, '24', '12', '30', 29.50, 'T'),
(785, '24', '12', '31', 21.20, 'T'),
(786, '24', '12', '01', 74.80, 'H'),
(787, '24', '12', '02', 66.40, 'H'),
(788, '24', '12', '03', 53.80, 'H'),
(789, '24', '12', '04', 32.20, 'H'),
(790, '24', '12', '05', 59.40, 'H'),
(791, '24', '12', '06', 72.00, 'H'),
(792, '24', '12', '07', 51.50, 'H'),
(793, '24', '12', '08', 70.50, 'H'),
(794, '24', '12', '09', 63.00, 'H'),
(795, '24', '12', '10', 61.50, 'H'),
(796, '24', '12', '11', 72.70, 'H'),
(797, '24', '12', '12', 43.60, 'H'),
(798, '24', '12', '13', 70.20, 'H'),
(799, '24', '12', '14', 45.00, 'H'),
(800, '24', '12', '15', 34.60, 'H'),
(801, '24', '12', '16', 68.00, 'H'),
(802, '24', '12', '17', 38.40, 'H'),
(803, '24', '12', '18', 46.00, 'H'),
(804, '24', '12', '19', 70.80, 'H'),
(805, '24', '12', '20', 53.90, 'H'),
(806, '24', '12', '21', 73.70, 'H'),
(807, '24', '12', '22', 71.40, 'H'),
(808, '24', '12', '23', 74.10, 'H'),
(809, '24', '12', '24', 51.30, 'H'),
(810, '24', '12', '25', 64.40, 'H'),
(811, '24', '12', '26', 73.50, 'H'),
(812, '24', '12', '27', 33.00, 'H'),
(813, '24', '12', '28', 65.30, 'H'),
(814, '24', '12', '29', 71.10, 'H'),
(815, '24', '12', '30', 45.20, 'H'),
(816, '24', '12', '31', 70.80, 'H'),
(817, '25', '03', '01', 28.20, 'T'),
(818, '25', '03', '02', 28.20, 'T'),
(819, '25', '03', '03', 24.30, 'T'),
(820, '25', '03', '04', 16.60, 'T'),
(821, '25', '03', '05', 21.60, 'T'),
(822, '25', '03', '06', 22.10, 'T'),
(823, '25', '03', '07', 22.60, 'T'),
(824, '25', '03', '08', 28.00, 'T'),
(825, '25', '03', '09', 16.30, 'T'),
(826, '25', '03', '10', 24.70, 'T'),
(827, '25', '03', '11', 24.00, 'T'),
(828, '25', '03', '12', 27.60, 'T'),
(829, '25', '03', '13', 15.30, 'T'),
(830, '25', '03', '14', 17.40, 'T'),
(831, '25', '03', '15', 26.80, 'T'),
(832, '25', '03', '16', 27.90, 'T'),
(833, '25', '03', '17', 16.00, 'T'),
(834, '25', '03', '18', 16.40, 'T'),
(835, '25', '03', '19', 28.50, 'T'),
(836, '25', '03', '20', 25.60, 'T'),
(837, '25', '03', '21', 28.70, 'T'),
(838, '25', '03', '22', 26.80, 'T'),
(839, '25', '03', '23', 24.70, 'T'),
(840, '25', '03', '24', 24.10, 'T'),
(841, '25', '03', '25', 29.70, 'T'),
(842, '25', '03', '26', 18.90, 'T'),
(843, '25', '03', '27', 23.00, 'T'),
(844, '25', '03', '28', 16.30, 'T'),
(845, '25', '03', '29', 15.40, 'T'),
(846, '25', '03', '30', 18.30, 'T'),
(847, '25', '03', '31', 19.80, 'T'),
(848, '25', '03', '01', 45.20, 'H'),
(849, '25', '03', '02', 59.10, 'H'),
(850, '25', '03', '03', 53.40, 'H'),
(851, '25', '03', '04', 53.00, 'H'),
(852, '25', '03', '05', 41.60, 'H'),
(853, '25', '03', '06', 49.60, 'H'),
(854, '25', '03', '07', 73.70, 'H'),
(855, '25', '03', '08', 69.00, 'H'),
(856, '25', '03', '09', 46.00, 'H'),
(857, '25', '03', '10', 57.50, 'H'),
(858, '25', '03', '11', 58.40, 'H'),
(859, '25', '03', '12', 45.60, 'H'),
(860, '25', '03', '13', 67.50, 'H'),
(861, '25', '03', '14', 64.70, 'H'),
(862, '25', '03', '15', 49.50, 'H'),
(863, '25', '03', '16', 63.50, 'H'),
(864, '25', '03', '17', 59.30, 'H'),
(865, '25', '03', '18', 47.70, 'H'),
(866, '25', '03', '19', 59.00, 'H'),
(867, '25', '03', '20', 30.80, 'H'),
(868, '25', '03', '21', 64.20, 'H'),
(869, '25', '03', '22', 65.30, 'H'),
(870, '25', '03', '23', 62.10, 'H'),
(871, '25', '03', '24', 59.50, 'H'),
(872, '25', '03', '25', 32.20, 'H'),
(873, '25', '03', '26', 41.60, 'H'),
(874, '25', '03', '27', 55.80, 'H'),
(875, '25', '03', '28', 32.40, 'H'),
(876, '25', '03', '29', 39.90, 'H'),
(877, '25', '03', '30', 50.70, 'H'),
(878, '25', '03', '31', 42.10, 'H'),
(879, '25', '01', '01', 15.20, 'T'),
(880, '25', '01', '02', 15.80, 'T'),
(881, '25', '01', '03', 16.40, 'T'),
(882, '25', '01', '04', 16.90, 'T'),
(883, '25', '01', '05', 17.30, 'T'),
(884, '25', '01', '06', 17.70, 'T'),
(885, '25', '01', '07', 18.10, 'T'),
(886, '25', '01', '08', 18.50, 'T'),
(887, '25', '01', '09', 18.90, 'T'),
(888, '25', '01', '10', 19.30, 'T'),
(889, '25', '01', '11', 19.70, 'T'),
(890, '25', '01', '12', 20.10, 'T'),
(891, '25', '01', '13', 20.50, 'T'),
(892, '25', '01', '14', 20.90, 'T'),
(893, '25', '01', '15', 21.30, 'T'),
(894, '25', '01', '16', 21.70, 'T'),
(895, '25', '01', '17', 22.10, 'T'),
(896, '25', '01', '18', 22.50, 'T'),
(897, '25', '01', '19', 22.90, 'T'),
(898, '25', '01', '20', 23.30, 'T'),
(899, '25', '01', '21', 23.70, 'T'),
(900, '25', '01', '22', 24.10, 'T'),
(901, '25', '01', '23', 24.50, 'T'),
(902, '25', '01', '24', 24.90, 'T'),
(903, '25', '01', '25', 25.30, 'T'),
(904, '25', '01', '26', 25.70, 'T'),
(905, '25', '01', '27', 26.10, 'T'),
(906, '25', '01', '28', 26.50, 'T'),
(907, '25', '01', '29', 27.00, 'T'),
(908, '25', '01', '30', 28.00, 'T'),
(909, '25', '01', '31', 29.00, 'T'),
(910, '25', '02', '01', 15.30, 'T'),
(911, '25', '02', '02', 15.90, 'T'),
(912, '25', '02', '03', 16.50, 'T'),
(913, '25', '02', '04', 17.00, 'T'),
(914, '25', '02', '05', 17.60, 'T'),
(915, '25', '02', '06', 18.20, 'T'),
(916, '25', '02', '07', 18.80, 'T'),
(917, '25', '02', '08', 19.40, 'T'),
(918, '25', '02', '09', 20.00, 'T'),
(919, '25', '02', '10', 20.60, 'T'),
(920, '25', '02', '11', 21.20, 'T'),
(921, '25', '02', '12', 21.80, 'T'),
(922, '25', '02', '13', 22.40, 'T'),
(923, '25', '02', '14', 23.00, 'T'),
(924, '25', '02', '15', 23.60, 'T'),
(925, '25', '02', '16', 24.20, 'T'),
(926, '25', '02', '17', 24.80, 'T'),
(927, '25', '02', '18', 25.40, 'T'),
(928, '25', '02', '19', 26.00, 'T'),
(929, '25', '02', '20', 26.60, 'T'),
(930, '25', '02', '21', 27.20, 'T'),
(931, '25', '02', '22', 27.80, 'T'),
(932, '25', '02', '23', 28.40, 'T'),
(933, '25', '02', '24', 29.00, 'T'),
(934, '25', '02', '25', 28.60, 'T'),
(935, '25', '02', '26', 28.20, 'T'),
(936, '25', '02', '27', 27.50, 'T'),
(937, '25', '02', '28', 26.90, 'T'),
(938, '24', '01', 'M', 22.70, 'T'),
(939, '24', '01', 'M', 52.60, 'H'),
(940, '24', '02', 'M', 22.90, 'T'),
(941, '24', '02', 'M', 51.00, 'H'),
(942, '24', '03', 'M', 22.30, 'T'),
(943, '24', '03', 'M', 48.90, 'H'),
(944, '24', '04', 'M', 23.80, 'T'),
(945, '24', '04', 'M', 53.00, 'H'),
(946, '24', '05', 'M', 20.70, 'T'),
(947, '24', '05', 'M', 51.90, 'H'),
(948, '24', '06', 'M', 22.80, 'T'),
(949, '24', '06', 'M', 54.20, 'H'),
(950, '24', '07', 'M', 21.80, 'T'),
(951, '24', '07', 'M', 51.20, 'H'),
(952, '24', '08', 'M', 23.50, 'T'),
(953, '24', '08', 'M', 52.60, 'H'),
(954, '24', '09', 'M', 21.80, 'T'),
(955, '24', '09', 'M', 53.40, 'H'),
(956, '24', '10', 'M', 22.30, 'T'),
(957, '24', '10', 'M', 46.50, 'H'),
(958, '24', '11', 'M', 23.00, 'T'),
(959, '24', '11', 'M', 54.10, 'H'),
(960, '24', '12', 'M', 22.10, 'T'),
(961, '24', '12', 'M', 59.40, 'H'),
(962, '25', '01', 'M', 22.10, 'T'),
(963, '25', '01', 'M', 55.90, 'H'),
(964, '25', '02', 'M', 24.70, 'T'),
(965, '25', '02', 'M', 49.90, 'H'),
(966, '25', '04', 'M', 21.70, 'T'),
(967, '25', '04', 'M', 51.90, 'H'),
(968, '25', '03', 'M', 23.70, 'T'),
(969, '25', '03', 'M', 45.90, 'H'),
(970, '25', '01', '01', 34.70, 'H'),
(971, '25', '01', '02', 37.20, 'H'),
(972, '25', '01', '03', 45.90, 'H'),
(973, '25', '01', '04', 50.10, 'H'),
(974, '25', '01', '05', 41.30, 'H'),
(975, '25', '01', '06', 38.50, 'H'),
(976, '25', '01', '07', 49.60, 'H'),
(977, '25', '01', '08', 44.30, 'H'),
(978, '25', '01', '09', 35.80, 'H'),
(979, '25', '01', '10', 39.70, 'H'),
(980, '25', '01', '11', 55.00, 'H'),
(981, '25', '01', '12', 61.40, 'H'),
(982, '25', '01', '13', 67.10, 'H'),
(983, '25', '01', '14', 59.60, 'H'),
(984, '25', '01', '15', 43.80, 'H'),
(985, '25', '01', '16', 47.20, 'H'),
(986, '25', '01', '17', 53.30, 'H'),
(987, '25', '01', '18', 60.70, 'H'),
(988, '25', '01', '19', 63.90, 'H'),
(989, '25', '01', '20', 70.10, 'H'),
(990, '25', '01', '21', 66.60, 'H'),
(991, '25', '01', '22', 58.20, 'H'),
(992, '25', '01', '23', 54.40, 'H'),
(993, '25', '01', '24', 49.90, 'H'),
(994, '25', '01', '25', 45.10, 'H'),
(995, '25', '01', '26', 42.50, 'H'),
(996, '25', '01', '27', 39.30, 'H'),
(997, '25', '01', '28', 35.00, 'H'),
(998, '25', '01', '29', 33.80, 'H'),
(999, '25', '01', '30', 31.60, 'H'),
(1000, '25', '01', '31', 37.50, 'H'),
(1001, '25', '02', '01', 34.80, 'H'),
(1002, '25', '02', '02', 36.50, 'H'),
(1003, '25', '02', '03', 38.20, 'H'),
(1004, '25', '02', '04', 40.10, 'H'),
(1005, '25', '02', '05', 42.60, 'H'),
(1006, '25', '02', '06', 45.00, 'H'),
(1007, '25', '02', '07', 47.30, 'H'),
(1008, '25', '02', '08', 50.80, 'H'),
(1009, '25', '02', '09', 53.20, 'H'),
(1010, '25', '02', '10', 55.60, 'H'),
(1011, '25', '02', '11', 58.10, 'H'),
(1012, '25', '02', '12', 60.40, 'H'),
(1013, '25', '02', '13', 62.90, 'H'),
(1014, '25', '02', '14', 65.30, 'H'),
(1015, '25', '02', '15', 67.60, 'H'),
(1016, '25', '02', '16', 70.10, 'H'),
(1017, '25', '02', '17', 68.40, 'H'),
(1018, '25', '02', '18', 66.00, 'H'),
(1019, '25', '02', '19', 63.50, 'H'),
(1020, '25', '02', '20', 61.20, 'H'),
(1021, '25', '02', '21', 58.80, 'H'),
(1022, '25', '02', '22', 56.30, 'H'),
(1023, '25', '02', '23', 53.90, 'H'),
(1024, '25', '02', '24', 51.40, 'H'),
(1025, '25', '02', '25', 48.90, 'H'),
(1026, '25', '02', '26', 46.50, 'H'),
(1027, '25', '02', '27', 43.20, 'H'),
(1028, '25', '02', '28', 40.70, 'H');

-- --------------------------------------------------------

--
-- Structure de la table `salle`
--

DROP TABLE IF EXISTS `salle`;
CREATE TABLE IF NOT EXISTS `salle` (
  `ID_SALLE` int NOT NULL AUTO_INCREMENT,
  `ID_USER` int DEFAULT NULL,
  `TYPE_SALLE` char(1) DEFAULT NULL,
  `ID_CAPTEUR` int DEFAULT NULL,
  `LIBELLE_SALLE` varchar(255) DEFAULT NULL,
  PRIMARY KEY (`ID_SALLE`),
  KEY `FK_ASSOCIATION_10` (`TYPE_SALLE`),
  KEY `FK_ASSOCIATION_7` (`ID_CAPTEUR`),
  KEY `FK_ASSOCIATION_8` (`ID_USER`)
) ENGINE=MyISAM DEFAULT CHARSET=latin1;

-- --------------------------------------------------------

--
-- Structure de la table `type_capteur`
--

DROP TABLE IF EXISTS `type_capteur`;
CREATE TABLE IF NOT EXISTS `type_capteur` (
  `TYPE_CAPTEUR` char(1) NOT NULL,
  `LIBELLE_TYPE_CAPTEUR` varchar(255) DEFAULT NULL,
  PRIMARY KEY (`TYPE_CAPTEUR`)
) ENGINE=MyISAM DEFAULT CHARSET=latin1;

--
-- Déchargement des données de la table `type_capteur`
--

INSERT INTO `type_capteur` (`TYPE_CAPTEUR`, `LIBELLE_TYPE_CAPTEUR`) VALUES
('T', 'temperature'),
('H', 'humidite');

-- --------------------------------------------------------

--
-- Structure de la table `type_salle`
--

DROP TABLE IF EXISTS `type_salle`;
CREATE TABLE IF NOT EXISTS `type_salle` (
  `TYPE_SALLE` char(1) NOT NULL,
  `LIBELLE_TYPE_SALLE` varchar(255) DEFAULT NULL,
  PRIMARY KEY (`TYPE_SALLE`)
) ENGINE=MyISAM DEFAULT CHARSET=latin1;

-- --------------------------------------------------------

--
-- Structure de la table `type_user`
--

DROP TABLE IF EXISTS `type_user`;
CREATE TABLE IF NOT EXISTS `type_user` (
  `TYPE_USER` char(1) NOT NULL,
  `LIBELLE_TYPE_USER` varchar(255) DEFAULT NULL,
  PRIMARY KEY (`TYPE_USER`)
) ENGINE=MyISAM DEFAULT CHARSET=latin1;

--
-- Déchargement des données de la table `type_user`
--

INSERT INTO `type_user` (`TYPE_USER`, `LIBELLE_TYPE_USER`) VALUES
('A', 'administrateur'),
('U', 'utilisateur');

-- --------------------------------------------------------

--
-- Structure de la table `user`
--

DROP TABLE IF EXISTS `user`;
CREATE TABLE IF NOT EXISTS `user` (
  `ID_USER` int NOT NULL AUTO_INCREMENT,
  `TYPE_USER` char(1) NOT NULL,
  `NOM_USER` varchar(150) CHARACTER SET latin1 COLLATE latin1_swedish_ci DEFAULT NULL,
  `PRENOM_USER` varchar(255) DEFAULT NULL,
  `PASSWORD_USER` varchar(255) CHARACTER SET latin1 COLLATE latin1_swedish_ci DEFAULT NULL,
  PRIMARY KEY (`ID_USER`),
  KEY `FK_ASSOCIATION_9` (`TYPE_USER`)
) ENGINE=MyISAM AUTO_INCREMENT=6 DEFAULT CHARSET=latin1;

--
-- Déchargement des données de la table `user`
--

INSERT INTO `user` (`ID_USER`, `TYPE_USER`, `NOM_USER`, `PRENOM_USER`, `PASSWORD_USER`) VALUES
(5, 'A', 'dehondt', 'gabin', '$argon2i$v=19$m=65536,t=4,p=1$WHo1ckpLSkd6TWI5MG9ueg$zXPNsV0V7TlelYjk84YXSg24E92emyojobTJSQ8PwP0');
COMMIT;

/*!40101 SET CHARACTER_SET_CLIENT=@OLD_CHARACTER_SET_CLIENT */;
/*!40101 SET CHARACTER_SET_RESULTS=@OLD_CHARACTER_SET_RESULTS */;
/*!40101 SET COLLATION_CONNECTION=@OLD_COLLATION_CONNECTION */;
